Using launch settings from D:\Work\WorkHome\QLStudy\QLStudy\Backend\Properties\launchSettings.json...
Building...
D:\Work\WorkHome\QLStudy\QLStudy\Backend\QLStudy.API.csproj : warning NU1903: Package 'SQLitePCLRaw.lib.e_sqlite3' 2.1.11 has a known high severity vulnerability, https://github.com/advisories/GHSA-2m69-gcr7-jv3q
D:\Work\WorkHome\QLStudy\QLStudy\Backend\QLStudy.API.csproj : warning NU1903: Package 'SQLitePCLRaw.lib.e_sqlite3' 2.1.11 has a known high severity vulnerability, https://github.com/advisories/GHSA-2m69-gcr7-jv3q
info: Microsoft.EntityFrameworkCore.Database.Command[20101]
      Executed DbCommand (32ms) [Parameters=[], CommandType='Text', CommandTimeout='30']
      SELECT 1
info: Microsoft.EntityFrameworkCore.Database.Command[20101]
      Executed DbCommand (154ms) [Parameters=[], CommandType='Text', CommandTimeout='30']
      SELECT CASE WHEN COUNT(*) = 0 THEN FALSE ELSE TRUE END
FROM pg_class AS cls
JOIN pg_namespace AS ns ON ns.oid = cls.relnamespace
WHERE
        cls.relkind IN ('r', 'v', 'm', 'f', 'p') AND
        ns.nspname NOT IN ('pg_catalog', 'information_schema') AND
        -- Exclude tables which are members of PG extensions
        NOT EXISTS (
            SELECT 1 FROM pg_depend WHERE
                classid=(
                    SELECT cls.oid
                    FROM pg_class AS cls
                             JOIN pg_namespace AS ns ON ns.oid = cls.relnamespace
                    WHERE relname='pg_class' AND ns.nspname='pg_catalog'
                ) AND
                objid=cls.oid AND
                deptype IN ('e', 'x')
        )
info: Microsoft.EntityFrameworkCore.Database.Command[20101]
      Executed DbCommand (0ms) [Parameters=[], CommandType='Text', CommandTimeout='30']
      SELECT 1
info: Microsoft.EntityFrameworkCore.Database.Command[20101]
      Executed DbCommand (2ms) [Parameters=[], CommandType='Text', CommandTimeout='30']
      SELECT CASE WHEN COUNT(*) = 0 THEN FALSE ELSE TRUE END
FROM pg_class AS cls
JOIN pg_namespace AS ns ON ns.oid = cls.relnamespace
WHERE
        cls.relkind IN ('r', 'v', 'm', 'f', 'p') AND
        ns.nspname NOT IN ('pg_catalog', 'information_schema') AND
        -- Exclude tables which are members of PG extensions
        NOT EXISTS (
            SELECT 1 FROM pg_depend WHERE
                classid=(
                    SELECT cls.oid
                    FROM pg_class AS cls
                             JOIN pg_namespace AS ns ON ns.oid = cls.relnamespace
                    WHERE relname='pg_class' AND ns.nspname='pg_catalog'
                ) AND
                objid=cls.oid AND
                deptype IN ('e', 'x')
        )
info: Microsoft.EntityFrameworkCore.Database.Command[20101]
      Executed DbCommand (194ms) [Parameters=[], CommandType='Text', CommandTimeout='30']
      
CREATE TABLE IF NOT EXISTS "PenaltyRules" (
    "Id" integer GENERATED BY DEFAULT AS IDENTITY PRIMARY KEY,
    "Name" text NOT NULL,
    "DefaultAmount" numeric NOT NULL,
    "IsActive" boolean NOT NULL
);

CREATE TABLE IF NOT EXISTS "StudentPenalties" (
    "Id" integer GENERATED BY DEFAULT AS IDENTITY PRIMARY KEY,
    "StudentId" integer NOT NULL,
    "ClassId" integer NOT NULL,
    "PenaltyRuleId" integer NOT NULL,
    "Date" timestamp with time zone NOT NULL,
    "Amount" numeric NOT NULL,
    "Note" text NOT NULL,
    "CreatedAt" timestamp with time zone NOT NULL,
    CONSTRAINT "FK_StudentPenalties_Students_StudentId" FOREIGN KEY ("StudentId") REFERENCES "Students" ("Id") ON DELETE CASCADE,
    CONSTRAINT "FK_StudentPenalties_Classes_ClassId" FOREIGN KEY ("ClassId") REFERENCES "Classes" ("Id") ON DELETE CASCADE,
    CONSTRAINT "FK_StudentPenalties_PenaltyRules_PenaltyRuleId" FOREIGN KEY ("PenaltyRuleId") REFERENCES "PenaltyRules" ("Id") ON DELETE RESTRICT
);

CREATE INDEX IF NOT EXISTS "IX_StudentPenalties_StudentId" ON "StudentPenalties" ("StudentId");
CREATE INDEX IF NOT EXISTS "IX_StudentPenalties_ClassId" ON "StudentPenalties" ("ClassId");
CREATE INDEX IF NOT EXISTS "IX_StudentPenalties_PenaltyRuleId" ON "StudentPenalties" ("PenaltyRuleId");
CREATE INDEX IF NOT EXISTS "IX_StudentPenalties_Date" ON "StudentPenalties" ("Date");
info: Microsoft.EntityFrameworkCore.Database.Command[20101]
      Executed DbCommand (1ms) [Parameters=[], CommandType='Text', CommandTimeout='30']
      
CREATE TABLE IF NOT EXISTS "StudentScores" (
    "Id" integer GENERATED BY DEFAULT AS IDENTITY PRIMARY KEY,
    "StudentId" integer NOT NULL,
    "ClassId" integer NOT NULL,
    "Date" timestamp with time zone NOT NULL,
    "TestName" text NOT NULL,
    "Score" numeric NOT NULL,
    "MaxScore" numeric NOT NULL,
    "Note" text NOT NULL,
    "CreatedAt" timestamp with time zone NOT NULL,
    CONSTRAINT "FK_StudentScores_Students_StudentId" FOREIGN KEY ("StudentId") REFERENCES "Students" ("Id") ON DELETE CASCADE,
    CONSTRAINT "FK_StudentScores_Classes_ClassId" FOREIGN KEY ("ClassId") REFERENCES "Classes" ("Id") ON DELETE CASCADE
);

CREATE INDEX IF NOT EXISTS "IX_StudentScores_StudentId" ON "StudentScores" ("StudentId");
CREATE INDEX IF NOT EXISTS "IX_StudentScores_ClassId" ON "StudentScores" ("ClassId");
CREATE INDEX IF NOT EXISTS "IX_StudentScores_Date" ON "StudentScores" ("Date");
info: Microsoft.EntityFrameworkCore.Database.Command[20101]
      Executed DbCommand (64ms) [Parameters=[@s_Name='?'], CommandType='Text', CommandTimeout='30']
      SELECT EXISTS (
          SELECT 1
          FROM "Subjects" AS s
          WHERE s."Name" = @s_Name)
info: Microsoft.EntityFrameworkCore.Database.Command[20101]
      Executed DbCommand (0ms) [Parameters=[@s_Name='?'], CommandType='Text', CommandTimeout='30']
      SELECT EXISTS (
          SELECT 1
          FROM "Subjects" AS s
          WHERE s."Name" = @s_Name)
info: Microsoft.EntityFrameworkCore.Database.Command[20101]
      Executed DbCommand (0ms) [Parameters=[@s_Name='?'], CommandType='Text', CommandTimeout='30']
      SELECT EXISTS (
          SELECT 1
          FROM "Subjects" AS s
          WHERE s."Name" = @s_Name)
info: Microsoft.EntityFrameworkCore.Database.Command[20101]
      Executed DbCommand (0ms) [Parameters=[@s_Name='?'], CommandType='Text', CommandTimeout='30']
      SELECT EXISTS (
          SELECT 1
          FROM "Subjects" AS s
          WHERE s."Name" = @s_Name)
info: Microsoft.EntityFrameworkCore.Database.Command[20101]
      Executed DbCommand (0ms) [Parameters=[@s_Name='?'], CommandType='Text', CommandTimeout='30']
      SELECT EXISTS (
          SELECT 1
          FROM "Subjects" AS s
          WHERE s."Name" = @s_Name)
info: Microsoft.EntityFrameworkCore.Database.Command[20101]
      Executed DbCommand (0ms) [Parameters=[@s_Name='?'], CommandType='Text', CommandTimeout='30']
      SELECT EXISTS (
          SELECT 1
          FROM "Subjects" AS s
          WHERE s."Name" = @s_Name)
info: Microsoft.EntityFrameworkCore.Database.Command[20101]
      Executed DbCommand (6ms) [Parameters=[@adminEmail='?'], CommandType='Text', CommandTimeout='30']
      SELECT EXISTS (
          SELECT 1
          FROM "Users" AS u
          WHERE u."Email" = @adminEmail)
info: Microsoft.EntityFrameworkCore.Database.Command[20101]
      Executed DbCommand (22ms) [Parameters=[@key='?'], CommandType='Text', CommandTimeout='30']
      SELECT s."Id", s."IsAllowed", s."Role", s."ScreenKey"
      FROM "ScreenPermissions" AS s
      WHERE s."Role" = 'Manager' AND s."ScreenKey" = @key
      LIMIT 1
info: Microsoft.EntityFrameworkCore.Database.Command[20101]
      Executed DbCommand (0ms) [Parameters=[@key='?'], CommandType='Text', CommandTimeout='30']
      SELECT s."Id", s."IsAllowed", s."Role", s."ScreenKey"
      FROM "ScreenPermissions" AS s
      WHERE s."Role" = 'Manager' AND s."ScreenKey" = @key
      LIMIT 1
info: Microsoft.EntityFrameworkCore.Database.Command[20101]
      Executed DbCommand (0ms) [Parameters=[@key='?'], CommandType='Text', CommandTimeout='30']
      SELECT s."Id", s."IsAllowed", s."Role", s."ScreenKey"
      FROM "ScreenPermissions" AS s
      WHERE s."Role" = 'Manager' AND s."ScreenKey" = @key
      LIMIT 1
info: Microsoft.EntityFrameworkCore.Database.Command[20101]
      Executed DbCommand (0ms) [Parameters=[@key='?'], CommandType='Text', CommandTimeout='30']
      SELECT s."Id", s."IsAllowed", s."Role", s."ScreenKey"
      FROM "ScreenPermissions" AS s
      WHERE s."Role" = 'Manager' AND s."ScreenKey" = @key
      LIMIT 1
info: Microsoft.EntityFrameworkCore.Database.Command[20101]
      Executed DbCommand (0ms) [Parameters=[@key='?'], CommandType='Text', CommandTimeout='30']
      SELECT s."Id", s."IsAllowed", s."Role", s."ScreenKey"
      FROM "ScreenPermissions" AS s
      WHERE s."Role" = 'Manager' AND s."ScreenKey" = @key
      LIMIT 1
info: Microsoft.EntityFrameworkCore.Database.Command[20101]
      Executed DbCommand (0ms) [Parameters=[@key='?'], CommandType='Text', CommandTimeout='30']
      SELECT s."Id", s."IsAllowed", s."Role", s."ScreenKey"
      FROM "ScreenPermissions" AS s
      WHERE s."Role" = 'Manager' AND s."ScreenKey" = @key
      LIMIT 1
info: Microsoft.EntityFrameworkCore.Database.Command[20101]
      Executed DbCommand (0ms) [Parameters=[@key='?'], CommandType='Text', CommandTimeout='30']
      SELECT s."Id", s."IsAllowed", s."Role", s."ScreenKey"
      FROM "ScreenPermissions" AS s
      WHERE s."Role" = 'Manager' AND s."ScreenKey" = @key
      LIMIT 1
info: Microsoft.EntityFrameworkCore.Database.Command[20101]
      Executed DbCommand (0ms) [Parameters=[@key='?'], CommandType='Text', CommandTimeout='30']
      SELECT s."Id", s."IsAllowed", s."Role", s."ScreenKey"
      FROM "ScreenPermissions" AS s
      WHERE s."Role" = 'Manager' AND s."ScreenKey" = @key
      LIMIT 1
info: Microsoft.EntityFrameworkCore.Database.Command[20101]
      Executed DbCommand (0ms) [Parameters=[@key='?'], CommandType='Text', CommandTimeout='30']
      SELECT s."Id", s."IsAllowed", s."Role", s."ScreenKey"
      FROM "ScreenPermissions" AS s
      WHERE s."Role" = 'Manager' AND s."ScreenKey" = @key
      LIMIT 1
info: Microsoft.EntityFrameworkCore.Database.Command[20101]
      Executed DbCommand (0ms) [Parameters=[@key='?'], CommandType='Text', CommandTimeout='30']
      SELECT s."Id", s."IsAllowed", s."Role", s."ScreenKey"
      FROM "ScreenPermissions" AS s
      WHERE s."Role" = 'Manager' AND s."ScreenKey" = @key
      LIMIT 1
info: Microsoft.EntityFrameworkCore.Database.Command[20101]
      Executed DbCommand (0ms) [Parameters=[@key='?'], CommandType='Text', CommandTimeout='30']
      SELECT s."Id", s."IsAllowed", s."Role", s."ScreenKey"
      FROM "ScreenPermissions" AS s
      WHERE s."Role" = 'Teacher' AND s."ScreenKey" = @key
      LIMIT 1
info: Microsoft.EntityFrameworkCore.Database.Command[20101]
      Executed DbCommand (0ms) [Parameters=[@key='?'], CommandType='Text', CommandTimeout='30']
      SELECT s."Id", s."IsAllowed", s."Role", s."ScreenKey"
      FROM "ScreenPermissions" AS s
      WHERE s."Role" = 'Teacher' AND s."ScreenKey" = @key
      LIMIT 1
info: Microsoft.EntityFrameworkCore.Database.Command[20101]
      Executed DbCommand (0ms) [Parameters=[@key='?'], CommandType='Text', CommandTimeout='30']
      SELECT s."Id", s."IsAllowed", s."Role", s."ScreenKey"
      FROM "ScreenPermissions" AS s
      WHERE s."Role" = 'Teacher' AND s."ScreenKey" = @key
      LIMIT 1
info: Microsoft.EntityFrameworkCore.Database.Command[20101]
      Executed DbCommand (0ms) [Parameters=[@key='?'], CommandType='Text', CommandTimeout='30']
      SELECT s."Id", s."IsAllowed", s."Role", s."ScreenKey"
      FROM "ScreenPermissions" AS s
      WHERE s."Role" = 'Teacher' AND s."ScreenKey" = @key
      LIMIT 1
info: Microsoft.EntityFrameworkCore.Database.Command[20101]
      Executed DbCommand (0ms) [Parameters=[@key='?'], CommandType='Text', CommandTimeout='30']
      SELECT s."Id", s."IsAllowed", s."Role", s."ScreenKey"
      FROM "ScreenPermissions" AS s
      WHERE s."Role" = 'Teacher' AND s."ScreenKey" = @key
      LIMIT 1
info: Microsoft.EntityFrameworkCore.Database.Command[20101]
      Executed DbCommand (0ms) [Parameters=[@key='?'], CommandType='Text', CommandTimeout='30']
      SELECT s."Id", s."IsAllowed", s."Role", s."ScreenKey"
      FROM "ScreenPermissions" AS s
      WHERE s."Role" = 'Teacher' AND s."ScreenKey" = @key
      LIMIT 1
info: Microsoft.EntityFrameworkCore.Database.Command[20101]
      Executed DbCommand (0ms) [Parameters=[@key='?'], CommandType='Text', CommandTimeout='30']
      SELECT s."Id", s."IsAllowed", s."Role", s."ScreenKey"
      FROM "ScreenPermissions" AS s
      WHERE s."Role" = 'Teacher' AND s."ScreenKey" = @key
      LIMIT 1
info: Microsoft.EntityFrameworkCore.Database.Command[20101]
      Executed DbCommand (0ms) [Parameters=[@key='?'], CommandType='Text', CommandTimeout='30']
      SELECT s."Id", s."IsAllowed", s."Role", s."ScreenKey"
      FROM "ScreenPermissions" AS s
      WHERE s."Role" = 'Teacher' AND s."ScreenKey" = @key
      LIMIT 1
info: Microsoft.EntityFrameworkCore.Database.Command[20101]
      Executed DbCommand (0ms) [Parameters=[@key='?'], CommandType='Text', CommandTimeout='30']
      SELECT s."Id", s."IsAllowed", s."Role", s."ScreenKey"
      FROM "ScreenPermissions" AS s
      WHERE s."Role" = 'Teacher' AND s."ScreenKey" = @key
      LIMIT 1
info: Microsoft.EntityFrameworkCore.Database.Command[20101]
      Executed DbCommand (0ms) [Parameters=[@key='?'], CommandType='Text', CommandTimeout='30']
      SELECT s."Id", s."IsAllowed", s."Role", s."ScreenKey"
      FROM "ScreenPermissions" AS s
      WHERE s."Role" = 'Teacher' AND s."ScreenKey" = @key
      LIMIT 1
info: Microsoft.EntityFrameworkCore.Database.Command[20101]
      Executed DbCommand (67ms) [Parameters=[@rule_Name='?'], CommandType='Text', CommandTimeout='30']
      SELECT EXISTS (
          SELECT 1
          FROM "PenaltyRules" AS p
          WHERE p."Name" = @rule_Name)
info: Microsoft.EntityFrameworkCore.Database.Command[20101]
      Executed DbCommand (0ms) [Parameters=[@rule_Name='?'], CommandType='Text', CommandTimeout='30']
      SELECT EXISTS (
          SELECT 1
          FROM "PenaltyRules" AS p
          WHERE p."Name" = @rule_Name)
info: Microsoft.EntityFrameworkCore.Database.Command[20101]
      Executed DbCommand (0ms) [Parameters=[@rule_Name='?'], CommandType='Text', CommandTimeout='30']
      SELECT EXISTS (
          SELECT 1
          FROM "PenaltyRules" AS p
          WHERE p."Name" = @rule_Name)
info: Microsoft.EntityFrameworkCore.Database.Command[20101]
      Executed DbCommand (0ms) [Parameters=[@rule_Name='?'], CommandType='Text', CommandTimeout='30']
      SELECT EXISTS (
          SELECT 1
          FROM "PenaltyRules" AS p
          WHERE p."Name" = @rule_Name)
info: Microsoft.EntityFrameworkCore.Database.Command[20101]
      Executed DbCommand (0ms) [Parameters=[@rule_Name='?'], CommandType='Text', CommandTimeout='30']
      SELECT EXISTS (
          SELECT 1
          FROM "PenaltyRules" AS p
          WHERE p."Name" = @rule_Name)
info: Microsoft.EntityFrameworkCore.Database.Command[20101]
      Executed DbCommand (0ms) [Parameters=[@rule_Name='?'], CommandType='Text', CommandTimeout='30']
      SELECT EXISTS (
          SELECT 1
          FROM "PenaltyRules" AS p
          WHERE p."Name" = @rule_Name)
info: Microsoft.EntityFrameworkCore.Database.Command[20101]
      Executed DbCommand (0ms) [Parameters=[@rule_Name='?'], CommandType='Text', CommandTimeout='30']
      SELECT EXISTS (
          SELECT 1
          FROM "PenaltyRules" AS p
          WHERE p."Name" = @rule_Name)
info: Microsoft.EntityFrameworkCore.Database.Command[20101]
      Executed DbCommand (0ms) [Parameters=[@rule_Name='?'], CommandType='Text', CommandTimeout='30']
      SELECT EXISTS (
          SELECT 1
          FROM "PenaltyRules" AS p
          WHERE p."Name" = @rule_Name)
info: Microsoft.EntityFrameworkCore.Database.Command[20101]
      Executed DbCommand (0ms) [Parameters=[@rule_Name='?'], CommandType='Text', CommandTimeout='30']
      SELECT EXISTS (
          SELECT 1
          FROM "PenaltyRules" AS p
          WHERE p."Name" = @rule_Name)
info: Microsoft.EntityFrameworkCore.Database.Command[20101]
      Executed DbCommand (0ms) [Parameters=[], CommandType='Text', CommandTimeout='30']
      SELECT s."Id", s."Name"
      FROM "Subjects" AS s
info: Microsoft.EntityFrameworkCore.Database.Command[20101]
      Executed DbCommand (91ms) [Parameters=[], CommandType='Text', CommandTimeout='30']
      SELECT c."Id", c."EndDate", c."Name", c."SemesterId", c."StartDate", c."SubjectId", c."TeacherId", c."TuitionFee"
      FROM "Classes" AS c
RBAC and Subject config initialized successfully!
info: Microsoft.Hosting.Lifetime[14]
      Now listening on: http://localhost:5273
info: Microsoft.Hosting.Lifetime[0]
      Application started. Press Ctrl+C to shut down.
info: Microsoft.Hosting.Lifetime[0]
      Hosting environment: Development
info: Microsoft.Hosting.Lifetime[0]
      Content root path: D:\Work\WorkHome\QLStudy\QLStudy\Backend
warn: Microsoft.AspNetCore.HttpsPolicy.HttpsRedirectionMiddleware[3]
      Failed to determine the https port for redirect.
info: Microsoft.EntityFrameworkCore.Database.Command[20101]
      Executed DbCommand (13ms) [Parameters=[@request_Email='?'], CommandType='Text', CommandTimeout='30']
      SELECT u."Id", u."Email", u."FullName", u."PasswordHash", u."PhoneNumber", u."Role", u."Status", u."Token"
      FROM "Users" AS u
      WHERE u."Email" = @request_Email
      LIMIT 1
info: Microsoft.EntityFrameworkCore.Database.Command[20101]
      Executed DbCommand (1ms) [Parameters=[@user_Role='?'], CommandType='Text', CommandTimeout='30']
      SELECT s."Id", s."IsAllowed", s."Role", s."ScreenKey"
      FROM "ScreenPermissions" AS s
      WHERE s."Role" = @user_Role
info: Microsoft.EntityFrameworkCore.Database.Command[20101]
      Executed DbCommand (54ms) [Parameters=[@userId='?' (DbType = Int32)], CommandType='Text', CommandTimeout='30']
      SELECT u1."Id", u1."Email", u1."FullName", u1."PasswordHash", u1."PhoneNumber", u1."Role", u1."Status", u1."Token", u0."UserId", u0."SubjectId"
      FROM (
          SELECT u."Id", u."Email", u."FullName", u."PasswordHash", u."PhoneNumber", u."Role", u."Status", u."Token"
          FROM "Users" AS u
          WHERE u."Id" = @userId AND u."Status" = 'Active'
          LIMIT 1
      ) AS u1
      LEFT JOIN "UserSubjects" AS u0 ON u1."Id" = u0."UserId"
      ORDER BY u1."Id", u0."UserId"
info: Microsoft.EntityFrameworkCore.Database.Command[20101]
      Executed DbCommand (39ms) [Parameters=[], CommandType='Text', CommandTimeout='30']
      SELECT s."Id", s."IsActive", s."Name"
      FROM "Semesters" AS s
      ORDER BY s."Id"
info: Microsoft.EntityFrameworkCore.Database.Command[20101]
      Executed DbCommand (1ms) [Parameters=[@userId='?' (DbType = Int32)], CommandType='Text', CommandTimeout='30']
      SELECT u1."Id", u1."Email", u1."FullName", u1."PasswordHash", u1."PhoneNumber", u1."Role", u1."Status", u1."Token", u0."UserId", u0."SubjectId"
      FROM (
          SELECT u."Id", u."Email", u."FullName", u."PasswordHash", u."PhoneNumber", u."Role", u."Status", u."Token"
          FROM "Users" AS u
          WHERE u."Id" = @userId AND u."Status" = 'Active'
          LIMIT 1
      ) AS u1
      LEFT JOIN "UserSubjects" AS u0 ON u1."Id" = u0."UserId"
      ORDER BY u1."Id", u0."UserId"
info: Microsoft.EntityFrameworkCore.Database.Command[20101]
      Executed DbCommand (1ms) [Parameters=[@userId='?' (DbType = Int32)], CommandType='Text', CommandTimeout='30']
      SELECT u1."Id", u1."Email", u1."FullName", u1."PasswordHash", u1."PhoneNumber", u1."Role", u1."Status", u1."Token", u0."UserId", u0."SubjectId"
      FROM (
          SELECT u."Id", u."Email", u."FullName", u."PasswordHash", u."PhoneNumber", u."Role", u."Status", u."Token"
          FROM "Users" AS u
          WHERE u."Id" = @userId AND u."Status" = 'Active'
          LIMIT 1
      ) AS u1
      LEFT JOIN "UserSubjects" AS u0 ON u1."Id" = u0."UserId"
      ORDER BY u1."Id", u0."UserId"
info: Microsoft.EntityFrameworkCore.Database.Command[20101]
      Executed DbCommand (1ms) [Parameters=[@p='?' (DbType = Int32)], CommandType='Text', CommandTimeout='30']
      SELECT s."Id", s."IsActive", s."Name"
      FROM "Semesters" AS s
      WHERE s."Id" = @p
      LIMIT 1
info: Microsoft.EntityFrameworkCore.Database.Command[20101]
      Executed DbCommand (1ms) [Parameters=[@semesterId='?' (DbType = Int32)], CommandType='Text', CommandTimeout='30']
      SELECT c."StartDate", c."EndDate"
      FROM "Classes" AS c
      WHERE c."SemesterId" = @semesterId AND c."StartDate" IS NOT NULL AND c."EndDate" IS NOT NULL
info: Microsoft.EntityFrameworkCore.Database.Command[20101]
      Executed DbCommand (17ms) [Parameters=[@semesterId='?' (DbType = Int32)], CommandType='Text', CommandTimeout='30']
      SELECT t."Id", t."DisplayOrder", t."MonthName", t."SemesterId"
      FROM "TuitionPeriods" AS t
      WHERE t."SemesterId" = @semesterId
info: Microsoft.EntityFrameworkCore.Database.Command[20101]
      Executed DbCommand (328ms) [Parameters=[], CommandType='Text', CommandTimeout='30']
      SELECT s."Id" AS "semesterId", s."Name" AS "semesterName", (
          SELECT count(*)::int
          FROM "Classes" AS c
          WHERE s."Id" = c."SemesterId") AS "totalClasses", (
          SELECT count(*)::int
          FROM (
              SELECT DISTINCT s0."StudentId"
              FROM "StudentClasses" AS s0
              INNER JOIN "Classes" AS c0 ON s0."ClassId" = c0."Id"
              WHERE c0."SemesterId" = s."Id"
          ) AS s1) AS "totalStudents", COALESCE((
          SELECT COALESCE(sum(t."AmountPaid"), 0.0)
          FROM "TuitionPayments" AS t
          INNER JOIN "TuitionPeriods" AS t0 ON t."TuitionPeriodId" = t0."Id"
          WHERE t0."SemesterId" = s."Id"), 0.0) AS "totalRevenue"
      FROM "Semesters" AS s
info: Microsoft.EntityFrameworkCore.Database.Command[20101]
      Executed DbCommand (1ms) [Parameters=[@id='?' (DbType = Int32)], CommandType='Text', CommandTimeout='30']
      SELECT t."Id", t."MonthName", t."DisplayOrder"
      FROM "TuitionPeriods" AS t
      WHERE t."SemesterId" = @id
      ORDER BY t."DisplayOrder"
info: Microsoft.EntityFrameworkCore.Database.Command[20101]
      Executed DbCommand (67ms) [Parameters=[@id='?' (DbType = Int32)], CommandType='Text', CommandTimeout='30']
      SELECT s."StudentId", s."ClassId", s."StartMonth", s0."Id", s0."Email", s0."Name", s0."PhoneNumber", s0."StartMonth", c."Id", s1."Id", s1."AmountPaid", s1."ClassId", s1."Notes", s1."StudentId", s1."TuitionPeriodId", s1."Id0", s1."DisplayOrder", s1."MonthName", s1."SemesterId", c."EndDate", c."Name", c."SemesterId", c."StartDate", c."SubjectId", c."TeacherId", c."TuitionFee"
      FROM "StudentClasses" AS s
      INNER JOIN "Classes" AS c ON s."ClassId" = c."Id"
      INNER JOIN "Students" AS s0 ON s."StudentId" = s0."Id"
      LEFT JOIN (
          SELECT t."Id", t."AmountPaid", t."ClassId", t."Notes", t."StudentId", t."TuitionPeriodId", t0."Id" AS "Id0", t0."DisplayOrder", t0."MonthName", t0."SemesterId"
          FROM "TuitionPayments" AS t
          INNER JOIN "TuitionPeriods" AS t0 ON t."TuitionPeriodId" = t0."Id"
      ) AS s1 ON s0."Id" = s1."StudentId"
      WHERE c."SemesterId" = @id
      ORDER BY c."Name", s0."Name", s."StudentId", s."ClassId", c."Id", s0."Id", s1."Id"
info: Microsoft.EntityFrameworkCore.Database.Command[20101]
      Executed DbCommand (1ms) [Parameters=[@userId='?' (DbType = Int32)], CommandType='Text', CommandTimeout='30']
      SELECT u1."Id", u1."Email", u1."FullName", u1."PasswordHash", u1."PhoneNumber", u1."Role", u1."Status", u1."Token", u0."UserId", u0."SubjectId"
      FROM (
          SELECT u."Id", u."Email", u."FullName", u."PasswordHash", u."PhoneNumber", u."Role", u."Status", u."Token"
          FROM "Users" AS u
          WHERE u."Id" = @userId AND u."Status" = 'Active'
          LIMIT 1
      ) AS u1
      LEFT JOIN "UserSubjects" AS u0 ON u1."Id" = u0."UserId"
      ORDER BY u1."Id", u0."UserId"
info: Microsoft.EntityFrameworkCore.Database.Command[20101]
      Executed DbCommand (1ms) [Parameters=[@p='?' (DbType = Int32)], CommandType='Text', CommandTimeout='30']
      SELECT s."Id", s."IsActive", s."Name"
      FROM "Semesters" AS s
      WHERE s."Id" = @p
      LIMIT 1
info: Microsoft.EntityFrameworkCore.Database.Command[20101]
      Executed DbCommand (28ms) [Parameters=[@id='?' (DbType = Int32)], CommandType='Text', CommandTimeout='30']
      SELECT c."Id", c."ClassId", c."DayOfWeek", c."TimeSlot", c0."Id", c0."EndDate", c0."Name", c0."SemesterId", c0."StartDate", c0."SubjectId", c0."TeacherId", c0."TuitionFee", u."Id", u."Email", u."FullName", u."PasswordHash", u."PhoneNumber", u."Role", u."Status", u."Token"
      FROM "ClassSchedules" AS c
      INNER JOIN "Classes" AS c0 ON c."ClassId" = c0."Id"
      LEFT JOIN "Users" AS u ON c0."TeacherId" = u."Id"
      WHERE c0."SemesterId" = @id
info: Microsoft.EntityFrameworkCore.Database.Command[20101]
      Executed DbCommand (2ms) [Parameters=[@userId='?' (DbType = Int32)], CommandType='Text', CommandTimeout='30']
      SELECT u1."Id", u1."Email", u1."FullName", u1."PasswordHash", u1."PhoneNumber", u1."Role", u1."Status", u1."Token", u0."UserId", u0."SubjectId"
      FROM (
          SELECT u."Id", u."Email", u."FullName", u."PasswordHash", u."PhoneNumber", u."Role", u."Status", u."Token"
          FROM "Users" AS u
          WHERE u."Id" = @userId AND u."Status" = 'Active'
          LIMIT 1
      ) AS u1
      LEFT JOIN "UserSubjects" AS u0 ON u1."Id" = u0."UserId"
      ORDER BY u1."Id", u0."UserId"
info: Microsoft.EntityFrameworkCore.Database.Command[20101]
      Executed DbCommand (1ms) [Parameters=[@p='?' (DbType = Int32)], CommandType='Text', CommandTimeout='30']
      SELECT s."Id", s."IsActive", s."Name"
      FROM "Semesters" AS s
      WHERE s."Id" = @p
      LIMIT 1
info: Microsoft.EntityFrameworkCore.Database.Command[20101]
      Executed DbCommand (1ms) [Parameters=[@semesterId='?' (DbType = Int32)], CommandType='Text', CommandTimeout='30']
      SELECT c."StartDate", c."EndDate"
      FROM "Classes" AS c
      WHERE c."SemesterId" = @semesterId AND c."StartDate" IS NOT NULL AND c."EndDate" IS NOT NULL
info: Microsoft.EntityFrameworkCore.Database.Command[20101]
      Executed DbCommand (0ms) [Parameters=[@semesterId='?' (DbType = Int32)], CommandType='Text', CommandTimeout='30']
      SELECT t."Id", t."DisplayOrder", t."MonthName", t."SemesterId"
      FROM "TuitionPeriods" AS t
      WHERE t."SemesterId" = @semesterId
info: Microsoft.EntityFrameworkCore.Database.Command[20101]
      Executed DbCommand (0ms) [Parameters=[@id='?' (DbType = Int32)], CommandType='Text', CommandTimeout='30']
      SELECT t."Id", t."MonthName", t."DisplayOrder"
      FROM "TuitionPeriods" AS t
      WHERE t."SemesterId" = @id
      ORDER BY t."DisplayOrder"
info: Microsoft.EntityFrameworkCore.Database.Command[20101]
      Executed DbCommand (5ms) [Parameters=[@id='?' (DbType = Int32)], CommandType='Text', CommandTimeout='30']
      SELECT s."StudentId", s."ClassId", s."StartMonth", s0."Id", s0."Email", s0."Name", s0."PhoneNumber", s0."StartMonth", c."Id", s1."Id", s1."AmountPaid", s1."ClassId", s1."Notes", s1."StudentId", s1."TuitionPeriodId", s1."Id0", s1."DisplayOrder", s1."MonthName", s1."SemesterId", c."EndDate", c."Name", c."SemesterId", c."StartDate", c."SubjectId", c."TeacherId", c."TuitionFee"
      FROM "StudentClasses" AS s
      INNER JOIN "Classes" AS c ON s."ClassId" = c."Id"
      INNER JOIN "Students" AS s0 ON s."StudentId" = s0."Id"
      LEFT JOIN (
          SELECT t."Id", t."AmountPaid", t."ClassId", t."Notes", t."StudentId", t."TuitionPeriodId", t0."Id" AS "Id0", t0."DisplayOrder", t0."MonthName", t0."SemesterId"
          FROM "TuitionPayments" AS t
          INNER JOIN "TuitionPeriods" AS t0 ON t."TuitionPeriodId" = t0."Id"
      ) AS s1 ON s0."Id" = s1."StudentId"
      WHERE c."SemesterId" = @id
      ORDER BY c."Name", s0."Name", s."StudentId", s."ClassId", c."Id", s0."Id", s1."Id"
info: Microsoft.EntityFrameworkCore.Database.Command[20101]
      Executed DbCommand (1ms) [Parameters=[@userId='?' (DbType = Int32)], CommandType='Text', CommandTimeout='30']
      SELECT u1."Id", u1."Email", u1."FullName", u1."PasswordHash", u1."PhoneNumber", u1."Role", u1."Status", u1."Token", u0."UserId", u0."SubjectId"
      FROM (
          SELECT u."Id", u."Email", u."FullName", u."PasswordHash", u."PhoneNumber", u."Role", u."Status", u."Token"
          FROM "Users" AS u
          WHERE u."Id" = @userId AND u."Status" = 'Active'
          LIMIT 1
      ) AS u1
      LEFT JOIN "UserSubjects" AS u0 ON u1."Id" = u0."UserId"
      ORDER BY u1."Id", u0."UserId"
info: Microsoft.EntityFrameworkCore.Database.Command[20101]
      Executed DbCommand (1ms) [Parameters=[@semesterId_Value='?' (DbType = Int32)], CommandType='Text', CommandTimeout='30']
      SELECT c."Id", c."EndDate", c."Name", c."SemesterId", c."StartDate", c."SubjectId", c."TeacherId", c."TuitionFee", c0."Id", c0."ClassId", c0."DayOfWeek", c0."TimeSlot"
      FROM "Classes" AS c
      LEFT JOIN "ClassSchedules" AS c0 ON c."Id" = c0."ClassId"
      WHERE c."SemesterId" = @semesterId_Value
      ORDER BY c."Name", c."Id"
info: Microsoft.EntityFrameworkCore.Database.Command[20101]
      Executed DbCommand (10ms) [Parameters=[@userId='?' (DbType = Int32)], CommandType='Text', CommandTimeout='30']
      SELECT u1."Id", u1."Email", u1."FullName", u1."PasswordHash", u1."PhoneNumber", u1."Role", u1."Status", u1."Token", u0."UserId", u0."SubjectId"
      FROM (
          SELECT u."Id", u."Email", u."FullName", u."PasswordHash", u."PhoneNumber", u."Role", u."Status", u."Token"
          FROM "Users" AS u
          WHERE u."Id" = @userId AND u."Status" = 'Active'
          LIMIT 1
      ) AS u1
      LEFT JOIN "UserSubjects" AS u0 ON u1."Id" = u0."UserId"
      ORDER BY u1."Id", u0."UserId"
info: Microsoft.EntityFrameworkCore.Database.Command[20101]
      Executed DbCommand (1ms) [Parameters=[@semesterId_Value='?' (DbType = Int32)], CommandType='Text', CommandTimeout='30']
      SELECT c."Id", c."EndDate", c."Name", c."SemesterId", c."StartDate", c."SubjectId", c."TeacherId", c."TuitionFee", c0."Id", c0."ClassId", c0."DayOfWeek", c0."TimeSlot"
      FROM "Classes" AS c
      LEFT JOIN "ClassSchedules" AS c0 ON c."Id" = c0."ClassId"
      WHERE c."SemesterId" = @semesterId_Value
      ORDER BY c."Name", c."Id"
info: Microsoft.EntityFrameworkCore.Database.Command[20101]
      Executed DbCommand (1ms) [Parameters=[@userId='?' (DbType = Int32)], CommandType='Text', CommandTimeout='30']
      SELECT u1."Id", u1."Email", u1."FullName", u1."PasswordHash", u1."PhoneNumber", u1."Role", u1."Status", u1."Token", u0."UserId", u0."SubjectId"
      FROM (
          SELECT u."Id", u."Email", u."FullName", u."PasswordHash", u."PhoneNumber", u."Role", u."Status", u."Token"
          FROM "Users" AS u
          WHERE u."Id" = @userId AND u."Status" = 'Active'
          LIMIT 1
      ) AS u1
      LEFT JOIN "UserSubjects" AS u0 ON u1."Id" = u0."UserId"
      ORDER BY u1."Id", u0."UserId"
info: Microsoft.EntityFrameworkCore.Database.Command[20101]
      Executed DbCommand (1ms) [Parameters=[@userId='?' (DbType = Int32)], CommandType='Text', CommandTimeout='30']
      SELECT u1."Id", u1."Email", u1."FullName", u1."PasswordHash", u1."PhoneNumber", u1."Role", u1."Status", u1."Token", u0."UserId", u0."SubjectId"
      FROM (
          SELECT u."Id", u."Email", u."FullName", u."PasswordHash", u."PhoneNumber", u."Role", u."Status", u."Token"
          FROM "Users" AS u
          WHERE u."Id" = @userId AND u."Status" = 'Active'
          LIMIT 1
      ) AS u1
      LEFT JOIN "UserSubjects" AS u0 ON u1."Id" = u0."UserId"
      ORDER BY u1."Id", u0."UserId"
info: Microsoft.EntityFrameworkCore.Database.Command[20101]
      Executed DbCommand (20ms) [Parameters=[], CommandType='Text', CommandTimeout='30']
      SELECT r."Id", r."Name"
      FROM "RewardOptions" AS r
      ORDER BY r."Name"
warn: Microsoft.EntityFrameworkCore.Query[20504]
      Compiling a query which loads related collections for more than one collection navigation, either via 'Include' or through projection, but no 'QuerySplittingBehavior' has been configured. By default, Entity Framework will use 'QuerySplittingBehavior.SingleQuery', which can potentially result in slow query performance. See https://go.microsoft.com/fwlink/?linkid=2134277 for more information. To identify the query that's triggering this warning call 'ConfigureWarnings(w => w.Throw(RelationalEventId.MultipleCollectionIncludeWarning))'.
info: Microsoft.EntityFrameworkCore.Database.Command[20101]
      Executed DbCommand (27ms) [Parameters=[@semesterId_Value='?' (DbType = Int32)], CommandType='Text', CommandTimeout='30']
      SELECT s."Id", s."Email", s."Name", s."PhoneNumber", s."StartMonth", s3."StudentId", s3."ClassId", s3."StartMonth", s3."Id", s3."EndDate", s3."Name", s3."SemesterId", s3."StartDate", s3."SubjectId", s3."TeacherId", s3."TuitionFee", s4."StudentId", s4."RewardOptionId", s4."Id", s4."Name"
      FROM "Students" AS s
      LEFT JOIN (
          SELECT s1."StudentId", s1."ClassId", s1."StartMonth", c0."Id", c0."EndDate", c0."Name", c0."SemesterId", c0."StartDate", c0."SubjectId", c0."TeacherId", c0."TuitionFee"
          FROM "StudentClasses" AS s1
          INNER JOIN "Classes" AS c0 ON s1."ClassId" = c0."Id"
      ) AS s3 ON s."Id" = s3."StudentId"
      LEFT JOIN (
          SELECT s2."StudentId", s2."RewardOptionId", r."Id", r."Name"
          FROM "StudentRewards" AS s2
          INNER JOIN "RewardOptions" AS r ON s2."RewardOptionId" = r."Id"
      ) AS s4 ON s."Id" = s4."StudentId"
      WHERE EXISTS (
          SELECT 1
          FROM "StudentClasses" AS s0
          INNER JOIN "Classes" AS c ON s0."ClassId" = c."Id"
          WHERE s."Id" = s0."StudentId" AND c."SemesterId" = @semesterId_Value)
      ORDER BY s."Name", s."Id", s3."StudentId", s3."ClassId", s3."Id", s4."StudentId", s4."RewardOptionId"
info: Microsoft.EntityFrameworkCore.Database.Command[20101]
      Executed DbCommand (1ms) [Parameters=[@userId='?' (DbType = Int32)], CommandType='Text', CommandTimeout='30']
      SELECT u1."Id", u1."Email", u1."FullName", u1."PasswordHash", u1."PhoneNumber", u1."Role", u1."Status", u1."Token", u0."UserId", u0."SubjectId"
      FROM (
          SELECT u."Id", u."Email", u."FullName", u."PasswordHash", u."PhoneNumber", u."Role", u."Status", u."Token"
          FROM "Users" AS u
          WHERE u."Id" = @userId AND u."Status" = 'Active'
          LIMIT 1
      ) AS u1
      LEFT JOIN "UserSubjects" AS u0 ON u1."Id" = u0."UserId"
      ORDER BY u1."Id", u0."UserId"
info: Microsoft.EntityFrameworkCore.Database.Command[20101]
      Executed DbCommand (1ms) [Parameters=[@semesterId_Value='?' (DbType = Int32)], CommandType='Text', CommandTimeout='30']
      SELECT c."Id", c."EndDate", c."Name", c."SemesterId", c."StartDate", c."SubjectId", c."TeacherId", c."TuitionFee", c0."Id", c0."ClassId", c0."DayOfWeek", c0."TimeSlot"
      FROM "Classes" AS c
      LEFT JOIN "ClassSchedules" AS c0 ON c."Id" = c0."ClassId"
      WHERE c."SemesterId" = @semesterId_Value
      ORDER BY c."Name", c."Id"
info: Microsoft.EntityFrameworkCore.Database.Command[20101]
      Executed DbCommand (1ms) [Parameters=[@userId='?' (DbType = Int32)], CommandType='Text', CommandTimeout='30']
      SELECT u1."Id", u1."Email", u1."FullName", u1."PasswordHash", u1."PhoneNumber", u1."Role", u1."Status", u1."Token", u0."UserId", u0."SubjectId"
      FROM (
          SELECT u."Id", u."Email", u."FullName", u."PasswordHash", u."PhoneNumber", u."Role", u."Status", u."Token"
          FROM "Users" AS u
          WHERE u."Id" = @userId AND u."Status" = 'Active'
          LIMIT 1
      ) AS u1
      LEFT JOIN "UserSubjects" AS u0 ON u1."Id" = u0."UserId"
      ORDER BY u1."Id", u0."UserId"
info: Microsoft.EntityFrameworkCore.Database.Command[20101]
      Executed DbCommand (1ms) [Parameters=[@userId='?' (DbType = Int32)], CommandType='Text', CommandTimeout='30']
      SELECT u1."Id", u1."Email", u1."FullName", u1."PasswordHash", u1."PhoneNumber", u1."Role", u1."Status", u1."Token", u0."UserId", u0."SubjectId"
      FROM (
          SELECT u."Id", u."Email", u."FullName", u."PasswordHash", u."PhoneNumber", u."Role", u."Status", u."Token"
          FROM "Users" AS u
          WHERE u."Id" = @userId AND u."Status" = 'Active'
          LIMIT 1
      ) AS u1
      LEFT JOIN "UserSubjects" AS u0 ON u1."Id" = u0."UserId"
      ORDER BY u1."Id", u0."UserId"
warn: Microsoft.EntityFrameworkCore.Query[20504]
      Compiling a query which loads related collections for more than one collection navigation, either via 'Include' or through projection, but no 'QuerySplittingBehavior' has been configured. By default, Entity Framework will use 'QuerySplittingBehavior.SingleQuery', which can potentially result in slow query performance. See https://go.microsoft.com/fwlink/?linkid=2134277 for more information. To identify the query that's triggering this warning call 'ConfigureWarnings(w => w.Throw(RelationalEventId.MultipleCollectionIncludeWarning))'.
info: Microsoft.EntityFrameworkCore.Database.Command[20101]
      Executed DbCommand (1ms) [Parameters=[], CommandType='Text', CommandTimeout='30']
      SELECT s."Id", s."Name"
      FROM "Subjects" AS s
      ORDER BY s."Name"
info: Microsoft.EntityFrameworkCore.Database.Command[20101]
      Executed DbCommand (19ms) [Parameters=[], CommandType='Text', CommandTimeout='30']
      SELECT u."Id", u."FullName", u."Email", u."PhoneNumber", u."Role", u."Status", u0."SubjectId", u0."UserId", s0."Name", s0."UserId", s0."SubjectId", s0."Id"
      FROM "Users" AS u
      LEFT JOIN "UserSubjects" AS u0 ON u."Id" = u0."UserId"
      LEFT JOIN (
          SELECT s."Name", u1."UserId", u1."SubjectId", s."Id"
          FROM "UserSubjects" AS u1
          INNER JOIN "Subjects" AS s ON u1."SubjectId" = s."Id"
      ) AS s0 ON u."Id" = s0."UserId"
      ORDER BY u."FullName", u."Id", u0."UserId", u0."SubjectId", s0."UserId", s0."SubjectId"
info: Microsoft.EntityFrameworkCore.Database.Command[20101]
      Executed DbCommand (1ms) [Parameters=[@userId='?' (DbType = Int32)], CommandType='Text', CommandTimeout='30']
      SELECT u1."Id", u1."Email", u1."FullName", u1."PasswordHash", u1."PhoneNumber", u1."Role", u1."Status", u1."Token", u0."UserId", u0."SubjectId"
      FROM (
          SELECT u."Id", u."Email", u."FullName", u."PasswordHash", u."PhoneNumber", u."Role", u."Status", u."Token"
          FROM "Users" AS u
          WHERE u."Id" = @userId AND u."Status" = 'Active'
          LIMIT 1
      ) AS u1
      LEFT JOIN "UserSubjects" AS u0 ON u1."Id" = u0."UserId"
      ORDER BY u1."Id", u0."UserId"
info: Microsoft.EntityFrameworkCore.Database.Command[20101]
      Executed DbCommand (1ms) [Parameters=[@semesterId_Value='?' (DbType = Int32)], CommandType='Text', CommandTimeout='30']
      SELECT c."Id", c."EndDate", c."Name", c."SemesterId", c."StartDate", c."SubjectId", c."TeacherId", c."TuitionFee", c0."Id", c0."ClassId", c0."DayOfWeek", c0."TimeSlot"
      FROM "Classes" AS c
      LEFT JOIN "ClassSchedules" AS c0 ON c."Id" = c0."ClassId"
      WHERE c."SemesterId" = @semesterId_Value
      ORDER BY c."Name", c."Id"
info: Microsoft.EntityFrameworkCore.Database.Command[20101]
      Executed DbCommand (1ms) [Parameters=[@userId='?' (DbType = Int32)], CommandType='Text', CommandTimeout='30']
      SELECT u1."Id", u1."Email", u1."FullName", u1."PasswordHash", u1."PhoneNumber", u1."Role", u1."Status", u1."Token", u0."UserId", u0."SubjectId"
      FROM (
          SELECT u."Id", u."Email", u."FullName", u."PasswordHash", u."PhoneNumber", u."Role", u."Status", u."Token"
          FROM "Users" AS u
          WHERE u."Id" = @userId AND u."Status" = 'Active'
          LIMIT 1
      ) AS u1
      LEFT JOIN "UserSubjects" AS u0 ON u1."Id" = u0."UserId"
      ORDER BY u1."Id", u0."UserId"
info: Microsoft.EntityFrameworkCore.Database.Command[20101]
      Executed DbCommand (1ms) [Parameters=[@semesterId_Value='?' (DbType = Int32)], CommandType='Text', CommandTimeout='30']
      SELECT c."Id", c."EndDate", c."Name", c."SemesterId", c."StartDate", c."SubjectId", c."TeacherId", c."TuitionFee", c0."Id", c0."ClassId", c0."DayOfWeek", c0."TimeSlot"
      FROM "Classes" AS c
      LEFT JOIN "ClassSchedules" AS c0 ON c."Id" = c0."ClassId"
      WHERE c."SemesterId" = @semesterId_Value
      ORDER BY c."Name", c."Id"
info: Microsoft.EntityFrameworkCore.Database.Command[20101]
      Executed DbCommand (1ms) [Parameters=[@userId='?' (DbType = Int32)], CommandType='Text', CommandTimeout='30']
      SELECT u1."Id", u1."Email", u1."FullName", u1."PasswordHash", u1."PhoneNumber", u1."Role", u1."Status", u1."Token", u0."UserId", u0."SubjectId"
      FROM (
          SELECT u."Id", u."Email", u."FullName", u."PasswordHash", u."PhoneNumber", u."Role", u."Status", u."Token"
          FROM "Users" AS u
          WHERE u."Id" = @userId AND u."Status" = 'Active'
          LIMIT 1
      ) AS u1
      LEFT JOIN "UserSubjects" AS u0 ON u1."Id" = u0."UserId"
      ORDER BY u1."Id", u0."UserId"
info: Microsoft.EntityFrameworkCore.Database.Command[20101]
      Executed DbCommand (1ms) [Parameters=[@userId='?' (DbType = Int32)], CommandType='Text', CommandTimeout='30']
      SELECT u1."Id", u1."Email", u1."FullName", u1."PasswordHash", u1."PhoneNumber", u1."Role", u1."Status", u1."Token", u0."UserId", u0."SubjectId"
      FROM (
          SELECT u."Id", u."Email", u."FullName", u."PasswordHash", u."PhoneNumber", u."Role", u."Status", u."Token"
          FROM "Users" AS u
          WHERE u."Id" = @userId AND u."Status" = 'Active'
          LIMIT 1
      ) AS u1
      LEFT JOIN "UserSubjects" AS u0 ON u1."Id" = u0."UserId"
      ORDER BY u1."Id", u0."UserId"
info: Microsoft.EntityFrameworkCore.Database.Command[20101]
      Executed DbCommand (57ms) [Parameters=[@classId='?' (DbType = Int32)], CommandType='Text', CommandTimeout='30']
      SELECT a."Date", a."Status"
      FROM "Attendances" AS a
      WHERE a."ClassId" = @classId
info: Microsoft.EntityFrameworkCore.Database.Command[20101]
      Executed DbCommand (72ms) [Parameters=[@classId='?' (DbType = Int32), @parsedDate='?' (DbType = DateTime), @nextDate='?' (DbType = DateTime)], CommandType='Text', CommandTimeout='30']
      SELECT a."Id", a."ClassId", a."Date", a."Note", a."Status", a."StudentId", s."Id", s."Email", s."Name", s."PhoneNumber", s."StartMonth"
      FROM "Attendances" AS a
      INNER JOIN "Students" AS s ON a."StudentId" = s."Id"
      WHERE a."ClassId" = @classId AND a."Date" >= @parsedDate AND a."Date" < @nextDate
info: Microsoft.EntityFrameworkCore.Database.Command[20101]
      Executed DbCommand (1ms) [Parameters=[@classId='?' (DbType = Int32)], CommandType='Text', CommandTimeout='30']
      SELECT s0."Id", s0."Email", s0."Name", s0."PhoneNumber", s0."StartMonth"
      FROM "StudentClasses" AS s
      INNER JOIN "Students" AS s0 ON s."StudentId" = s0."Id"
      WHERE s."ClassId" = @classId
      ORDER BY s0."Name"
info: Microsoft.EntityFrameworkCore.Database.Command[20101]
      Executed DbCommand (1ms) [Parameters=[@userId='?' (DbType = Int32)], CommandType='Text', CommandTimeout='30']
      SELECT u1."Id", u1."Email", u1."FullName", u1."PasswordHash", u1."PhoneNumber", u1."Role", u1."Status", u1."Token", u0."UserId", u0."SubjectId"
      FROM (
          SELECT u."Id", u."Email", u."FullName", u."PasswordHash", u."PhoneNumber", u."Role", u."Status", u."Token"
          FROM "Users" AS u
          WHERE u."Id" = @userId AND u."Status" = 'Active'
          LIMIT 1
      ) AS u1
      LEFT JOIN "UserSubjects" AS u0 ON u1."Id" = u0."UserId"
      ORDER BY u1."Id", u0."UserId"
info: Microsoft.EntityFrameworkCore.Database.Command[20101]
      Executed DbCommand (1ms) [Parameters=[@semesterId_Value='?' (DbType = Int32)], CommandType='Text', CommandTimeout='30']
      SELECT c."Id", c."EndDate", c."Name", c."SemesterId", c."StartDate", c."SubjectId", c."TeacherId", c."TuitionFee", c0."Id", c0."ClassId", c0."DayOfWeek", c0."TimeSlot"
      FROM "Classes" AS c
      LEFT JOIN "ClassSchedules" AS c0 ON c."Id" = c0."ClassId"
      WHERE c."SemesterId" = @semesterId_Value
      ORDER BY c."Name", c."Id"
info: Microsoft.EntityFrameworkCore.Database.Command[20101]
      Executed DbCommand (1ms) [Parameters=[@userId='?' (DbType = Int32)], CommandType='Text', CommandTimeout='30']
      SELECT u1."Id", u1."Email", u1."FullName", u1."PasswordHash", u1."PhoneNumber", u1."Role", u1."Status", u1."Token", u0."UserId", u0."SubjectId"
      FROM (
          SELECT u."Id", u."Email", u."FullName", u."PasswordHash", u."PhoneNumber", u."Role", u."Status", u."Token"
          FROM "Users" AS u
          WHERE u."Id" = @userId AND u."Status" = 'Active'
          LIMIT 1
      ) AS u1
      LEFT JOIN "UserSubjects" AS u0 ON u1."Id" = u0."UserId"
      ORDER BY u1."Id", u0."UserId"
info: Microsoft.EntityFrameworkCore.Database.Command[20101]
      Executed DbCommand (1ms) [Parameters=[@userId='?' (DbType = Int32)], CommandType='Text', CommandTimeout='30']
      SELECT u1."Id", u1."Email", u1."FullName", u1."PasswordHash", u1."PhoneNumber", u1."Role", u1."Status", u1."Token", u0."UserId", u0."SubjectId"
      FROM (
          SELECT u."Id", u."Email", u."FullName", u."PasswordHash", u."PhoneNumber", u."Role", u."Status", u."Token"
          FROM "Users" AS u
          WHERE u."Id" = @userId AND u."Status" = 'Active'
          LIMIT 1
      ) AS u1
      LEFT JOIN "UserSubjects" AS u0 ON u1."Id" = u0."UserId"
      ORDER BY u1."Id", u0."UserId"
info: Microsoft.EntityFrameworkCore.Database.Command[20101]
      Executed DbCommand (1ms) [Parameters=[], CommandType='Text', CommandTimeout='30']
      SELECT p."Id", p."DefaultAmount", p."IsActive", p."Name"
      FROM "PenaltyRules" AS p
      ORDER BY p."IsActive" DESC, p."Name"
info: Microsoft.EntityFrameworkCore.Database.Command[20101]
      Executed DbCommand (76ms) [Parameters=[@semesterId='?' (DbType = Int32)], CommandType='Text', CommandTimeout='30']
      SELECT s."Id", s."Amount", s."Date" AS date, s0."Name" AS "studentName", c."Name" AS "className", p."Name" AS "ruleName", s."Note"
      FROM "StudentPenalties" AS s
      INNER JOIN "Classes" AS c ON s."ClassId" = c."Id"
      INNER JOIN "Students" AS s0 ON s."StudentId" = s0."Id"
      INNER JOIN "PenaltyRules" AS p ON s."PenaltyRuleId" = p."Id"
      WHERE c."SemesterId" = @semesterId
      ORDER BY s."Date" DESC
info: Microsoft.EntityFrameworkCore.Database.Command[20101]
      Executed DbCommand (0ms) [Parameters=[@userId='?' (DbType = Int32)], CommandType='Text', CommandTimeout='30']
      SELECT u1."Id", u1."Email", u1."FullName", u1."PasswordHash", u1."PhoneNumber", u1."Role", u1."Status", u1."Token", u0."UserId", u0."SubjectId"
      FROM (
          SELECT u."Id", u."Email", u."FullName", u."PasswordHash", u."PhoneNumber", u."Role", u."Status", u."Token"
          FROM "Users" AS u
          WHERE u."Id" = @userId AND u."Status" = 'Active'
          LIMIT 1
      ) AS u1
      LEFT JOIN "UserSubjects" AS u0 ON u1."Id" = u0."UserId"
      ORDER BY u1."Id", u0."UserId"
warn: Microsoft.EntityFrameworkCore.Query[20504]
      Compiling a query which loads related collections for more than one collection navigation, either via 'Include' or through projection, but no 'QuerySplittingBehavior' has been configured. By default, Entity Framework will use 'QuerySplittingBehavior.SingleQuery', which can potentially result in slow query performance. See https://go.microsoft.com/fwlink/?linkid=2134277 for more information. To identify the query that's triggering this warning call 'ConfigureWarnings(w => w.Throw(RelationalEventId.MultipleCollectionIncludeWarning))'.
info: Microsoft.EntityFrameworkCore.Database.Command[20101]
      Executed DbCommand (1ms) [Parameters=[@userId='?' (DbType = Int32)], CommandType='Text', CommandTimeout='30']
      SELECT u1."Id", u1."Email", u1."FullName", u1."PasswordHash", u1."PhoneNumber", u1."Role", u1."Status", u1."Token", u0."UserId", u0."SubjectId"
      FROM (
          SELECT u."Id", u."Email", u."FullName", u."PasswordHash", u."PhoneNumber", u."Role", u."Status", u."Token"
          FROM "Users" AS u
          WHERE u."Id" = @userId AND u."Status" = 'Active'
          LIMIT 1
      ) AS u1
      LEFT JOIN "UserSubjects" AS u0 ON u1."Id" = u0."UserId"
      ORDER BY u1."Id", u0."UserId"
info: Microsoft.EntityFrameworkCore.Database.Command[20101]
      Executed DbCommand (1ms) [Parameters=[@classId_Value='?' (DbType = Int32)], CommandType='Text', CommandTimeout='30']
      SELECT s."Id", s."Email", s."Name", s."PhoneNumber", s."StartMonth", s3."StudentId", s3."ClassId", s3."StartMonth", s3."Id", s3."EndDate", s3."Name", s3."SemesterId", s3."StartDate", s3."SubjectId", s3."TeacherId", s3."TuitionFee", s4."StudentId", s4."RewardOptionId", s4."Id", s4."Name"
      FROM "Students" AS s
      LEFT JOIN (
          SELECT s1."StudentId", s1."ClassId", s1."StartMonth", c."Id", c."EndDate", c."Name", c."SemesterId", c."StartDate", c."SubjectId", c."TeacherId", c."TuitionFee"
          FROM "StudentClasses" AS s1
          INNER JOIN "Classes" AS c ON s1."ClassId" = c."Id"
      ) AS s3 ON s."Id" = s3."StudentId"
      LEFT JOIN (
          SELECT s2."StudentId", s2."RewardOptionId", r."Id", r."Name"
          FROM "StudentRewards" AS s2
          INNER JOIN "RewardOptions" AS r ON s2."RewardOptionId" = r."Id"
      ) AS s4 ON s."Id" = s4."StudentId"
      WHERE EXISTS (
          SELECT 1
          FROM "StudentClasses" AS s0
          WHERE s."Id" = s0."StudentId" AND s0."ClassId" = @classId_Value)
      ORDER BY s."Name", s."Id", s3."StudentId", s3."ClassId", s3."Id", s4."StudentId", s4."RewardOptionId"
info: Microsoft.EntityFrameworkCore.Database.Command[20101]
      Executed DbCommand (1ms) [Parameters=[@classId_Value='?' (DbType = Int32), @parsedDate='?' (DbType = DateTime), @nextDate='?' (DbType = DateTime)], CommandType='Text', CommandTimeout='30']
      SELECT s."Id", s."StudentId", s0."Name", s."ClassId", c."Name", s."PenaltyRuleId", p."Name", s."Date", s."Amount", s."Note"
      FROM "StudentPenalties" AS s
      INNER JOIN "Students" AS s0 ON s."StudentId" = s0."Id"
      INNER JOIN "Classes" AS c ON s."ClassId" = c."Id"
      INNER JOIN "PenaltyRules" AS p ON s."PenaltyRuleId" = p."Id"
      WHERE s."ClassId" = @classId_Value AND s."Date" >= @parsedDate AND s."Date" < @nextDate
      ORDER BY s."Date" DESC, s0."Name"
info: Microsoft.EntityFrameworkCore.Database.Command[20101]
      Executed DbCommand (2ms) [Parameters=[@userId='?' (DbType = Int32)], CommandType='Text', CommandTimeout='30']
      SELECT u1."Id", u1."Email", u1."FullName", u1."PasswordHash", u1."PhoneNumber", u1."Role", u1."Status", u1."Token", u0."UserId", u0."SubjectId"
      FROM (
          SELECT u."Id", u."Email", u."FullName", u."PasswordHash", u."PhoneNumber", u."Role", u."Status", u."Token"
          FROM "Users" AS u
          WHERE u."Id" = @userId AND u."Status" = 'Active'
          LIMIT 1
      ) AS u1
      LEFT JOIN "UserSubjects" AS u0 ON u1."Id" = u0."UserId"
      ORDER BY u1."Id", u0."UserId"
info: Microsoft.EntityFrameworkCore.Database.Command[20101]
      Executed DbCommand (1ms) [Parameters=[@semesterId_Value='?' (DbType = Int32)], CommandType='Text', CommandTimeout='30']
      SELECT c."Id", c."EndDate", c."Name", c."SemesterId", c."StartDate", c."SubjectId", c."TeacherId", c."TuitionFee", c0."Id", c0."ClassId", c0."DayOfWeek", c0."TimeSlot"
      FROM "Classes" AS c
      LEFT JOIN "ClassSchedules" AS c0 ON c."Id" = c0."ClassId"
      WHERE c."SemesterId" = @semesterId_Value
      ORDER BY c."Name", c."Id"
info: Microsoft.EntityFrameworkCore.Database.Command[20101]
      Executed DbCommand (1ms) [Parameters=[@userId='?' (DbType = Int32)], CommandType='Text', CommandTimeout='30']
      SELECT u1."Id", u1."Email", u1."FullName", u1."PasswordHash", u1."PhoneNumber", u1."Role", u1."Status", u1."Token", u0."UserId", u0."SubjectId"
      FROM (
          SELECT u."Id", u."Email", u."FullName", u."PasswordHash", u."PhoneNumber", u."Role", u."Status", u."Token"
          FROM "Users" AS u
          WHERE u."Id" = @userId AND u."Status" = 'Active'
          LIMIT 1
      ) AS u1
      LEFT JOIN "UserSubjects" AS u0 ON u1."Id" = u0."UserId"
      ORDER BY u1."Id", u0."UserId"
info: Microsoft.EntityFrameworkCore.Database.Command[20101]
      Executed DbCommand (1ms) [Parameters=[@semesterId_Value='?' (DbType = Int32)], CommandType='Text', CommandTimeout='30']
      SELECT c."Id", c."EndDate", c."Name", c."SemesterId", c."StartDate", c."SubjectId", c."TeacherId", c."TuitionFee", c0."Id", c0."ClassId", c0."DayOfWeek", c0."TimeSlot"
      FROM "Classes" AS c
      LEFT JOIN "ClassSchedules" AS c0 ON c."Id" = c0."ClassId"
      WHERE c."SemesterId" = @semesterId_Value
      ORDER BY c."Name", c."Id"
info: Microsoft.EntityFrameworkCore.Database.Command[20101]
      Executed DbCommand (1ms) [Parameters=[@userId='?' (DbType = Int32)], CommandType='Text', CommandTimeout='30']
      SELECT u1."Id", u1."Email", u1."FullName", u1."PasswordHash", u1."PhoneNumber", u1."Role", u1."Status", u1."Token", u0."UserId", u0."SubjectId"
      FROM (
          SELECT u."Id", u."Email", u."FullName", u."PasswordHash", u."PhoneNumber", u."Role", u."Status", u."Token"
          FROM "Users" AS u
          WHERE u."Id" = @userId AND u."Status" = 'Active'
          LIMIT 1
      ) AS u1
      LEFT JOIN "UserSubjects" AS u0 ON u1."Id" = u0."UserId"
      ORDER BY u1."Id", u0."UserId"
info: Microsoft.EntityFrameworkCore.Database.Command[20101]
      Executed DbCommand (1ms) [Parameters=[@userId='?' (DbType = Int32)], CommandType='Text', CommandTimeout='30']
      SELECT u1."Id", u1."Email", u1."FullName", u1."PasswordHash", u1."PhoneNumber", u1."Role", u1."Status", u1."Token", u0."UserId", u0."SubjectId"
      FROM (
          SELECT u."Id", u."Email", u."FullName", u."PasswordHash", u."PhoneNumber", u."Role", u."Status", u."Token"
          FROM "Users" AS u
          WHERE u."Id" = @userId AND u."Status" = 'Active'
          LIMIT 1
      ) AS u1
      LEFT JOIN "UserSubjects" AS u0 ON u1."Id" = u0."UserId"
      ORDER BY u1."Id", u0."UserId"
info: Microsoft.EntityFrameworkCore.Database.Command[20101]
      Executed DbCommand (0ms) [Parameters=[@classId='?' (DbType = Int32)], CommandType='Text', CommandTimeout='30']
      SELECT a."Date", a."Status"
      FROM "Attendances" AS a
      WHERE a."ClassId" = @classId
info: Microsoft.EntityFrameworkCore.Database.Command[20101]
      Executed DbCommand (0ms) [Parameters=[@classId='?' (DbType = Int32), @parsedDate='?' (DbType = DateTime), @nextDate='?' (DbType = DateTime)], CommandType='Text', CommandTimeout='30']
      SELECT a."Id", a."ClassId", a."Date", a."Note", a."Status", a."StudentId", s."Id", s."Email", s."Name", s."PhoneNumber", s."StartMonth"
      FROM "Attendances" AS a
      INNER JOIN "Students" AS s ON a."StudentId" = s."Id"
      WHERE a."ClassId" = @classId AND a."Date" >= @parsedDate AND a."Date" < @nextDate
info: Microsoft.EntityFrameworkCore.Database.Command[20101]
      Executed DbCommand (1ms) [Parameters=[@classId='?' (DbType = Int32)], CommandType='Text', CommandTimeout='30']
      SELECT s0."Id", s0."Email", s0."Name", s0."PhoneNumber", s0."StartMonth"
      FROM "StudentClasses" AS s
      INNER JOIN "Students" AS s0 ON s."StudentId" = s0."Id"
      WHERE s."ClassId" = @classId
      ORDER BY s0."Name"
info: Microsoft.EntityFrameworkCore.Database.Command[20101]
      Executed DbCommand (1ms) [Parameters=[@userId='?' (DbType = Int32)], CommandType='Text', CommandTimeout='30']
      SELECT u1."Id", u1."Email", u1."FullName", u1."PasswordHash", u1."PhoneNumber", u1."Role", u1."Status", u1."Token", u0."UserId", u0."SubjectId"
      FROM (
          SELECT u."Id", u."Email", u."FullName", u."PasswordHash", u."PhoneNumber", u."Role", u."Status", u."Token"
          FROM "Users" AS u
          WHERE u."Id" = @userId AND u."Status" = 'Active'
          LIMIT 1
      ) AS u1
      LEFT JOIN "UserSubjects" AS u0 ON u1."Id" = u0."UserId"
      ORDER BY u1."Id", u0."UserId"
info: Microsoft.EntityFrameworkCore.Database.Command[20101]
      Executed DbCommand (2ms) [Parameters=[@userId='?' (DbType = Int32)], CommandType='Text', CommandTimeout='30']
      SELECT u1."Id", u1."Email", u1."FullName", u1."PasswordHash", u1."PhoneNumber", u1."Role", u1."Status", u1."Token", u0."UserId", u0."SubjectId"
      FROM (
          SELECT u."Id", u."Email", u."FullName", u."PasswordHash", u."PhoneNumber", u."Role", u."Status", u."Token"
          FROM "Users" AS u
          WHERE u."Id" = @userId AND u."Status" = 'Active'
          LIMIT 1
      ) AS u1
      LEFT JOIN "UserSubjects" AS u0 ON u1."Id" = u0."UserId"
      ORDER BY u1."Id", u0."UserId"
info: Microsoft.EntityFrameworkCore.Database.Command[20101]
      Executed DbCommand (1ms) [Parameters=[@semesterId_Value='?' (DbType = Int32)], CommandType='Text', CommandTimeout='30']
      SELECT c."Id", c."EndDate", c."Name", c."SemesterId", c."StartDate", c."SubjectId", c."TeacherId", c."TuitionFee", c0."Id", c0."ClassId", c0."DayOfWeek", c0."TimeSlot"
      FROM "Classes" AS c
      LEFT JOIN "ClassSchedules" AS c0 ON c."Id" = c0."ClassId"
      WHERE c."SemesterId" = @semesterId_Value
      ORDER BY c."Name", c."Id"
info: Microsoft.EntityFrameworkCore.Database.Command[20101]
      Executed DbCommand (1ms) [Parameters=[@semesterId='?' (DbType = Int32)], CommandType='Text', CommandTimeout='30']
      SELECT s."Id", s."Amount", s."Date" AS date, s0."Name" AS "studentName", c."Name" AS "className", p."Name" AS "ruleName", s."Note"
      FROM "StudentPenalties" AS s
      INNER JOIN "Classes" AS c ON s."ClassId" = c."Id"
      INNER JOIN "Students" AS s0 ON s."StudentId" = s0."Id"
      INNER JOIN "PenaltyRules" AS p ON s."PenaltyRuleId" = p."Id"
      WHERE c."SemesterId" = @semesterId
      ORDER BY s."Date" DESC
info: Microsoft.EntityFrameworkCore.Database.Command[20101]
      Executed DbCommand (2ms) [Parameters=[@userId='?' (DbType = Int32)], CommandType='Text', CommandTimeout='30']
      SELECT u1."Id", u1."Email", u1."FullName", u1."PasswordHash", u1."PhoneNumber", u1."Role", u1."Status", u1."Token", u0."UserId", u0."SubjectId"
      FROM (
          SELECT u."Id", u."Email", u."FullName", u."PasswordHash", u."PhoneNumber", u."Role", u."Status", u."Token"
          FROM "Users" AS u
          WHERE u."Id" = @userId AND u."Status" = 'Active'
          LIMIT 1
      ) AS u1
      LEFT JOIN "UserSubjects" AS u0 ON u1."Id" = u0."UserId"
      ORDER BY u1."Id", u0."UserId"
info: Microsoft.EntityFrameworkCore.Database.Command[20101]
      Executed DbCommand (0ms) [Parameters=[], CommandType='Text', CommandTimeout='30']
      SELECT p."Id", p."DefaultAmount", p."IsActive", p."Name"
      FROM "PenaltyRules" AS p
      ORDER BY p."IsActive" DESC, p."Name"
info: Microsoft.EntityFrameworkCore.Database.Command[20101]
      Executed DbCommand (1ms) [Parameters=[@userId='?' (DbType = Int32)], CommandType='Text', CommandTimeout='30']
      SELECT u1."Id", u1."Email", u1."FullName", u1."PasswordHash", u1."PhoneNumber", u1."Role", u1."Status", u1."Token", u0."UserId", u0."SubjectId"
      FROM (
          SELECT u."Id", u."Email", u."FullName", u."PasswordHash", u."PhoneNumber", u."Role", u."Status", u."Token"
          FROM "Users" AS u
          WHERE u."Id" = @userId AND u."Status" = 'Active'
          LIMIT 1
      ) AS u1
      LEFT JOIN "UserSubjects" AS u0 ON u1."Id" = u0."UserId"
      ORDER BY u1."Id", u0."UserId"
info: Microsoft.EntityFrameworkCore.Database.Command[20101]
      Executed DbCommand (0ms) [Parameters=[@userId='?' (DbType = Int32)], CommandType='Text', CommandTimeout='30']
      SELECT u1."Id", u1."Email", u1."FullName", u1."PasswordHash", u1."PhoneNumber", u1."Role", u1."Status", u1."Token", u0."UserId", u0."SubjectId"
      FROM (
          SELECT u."Id", u."Email", u."FullName", u."PasswordHash", u."PhoneNumber", u."Role", u."Status", u."Token"
          FROM "Users" AS u
          WHERE u."Id" = @userId AND u."Status" = 'Active'
          LIMIT 1
      ) AS u1
      LEFT JOIN "UserSubjects" AS u0 ON u1."Id" = u0."UserId"
      ORDER BY u1."Id", u0."UserId"
info: Microsoft.EntityFrameworkCore.Database.Command[20101]
      Executed DbCommand (2ms) [Parameters=[@classId_Value='?' (DbType = Int32)], CommandType='Text', CommandTimeout='30']
      SELECT s."Id", s."Email", s."Name", s."PhoneNumber", s."StartMonth", s3."StudentId", s3."ClassId", s3."StartMonth", s3."Id", s3."EndDate", s3."Name", s3."SemesterId", s3."StartDate", s3."SubjectId", s3."TeacherId", s3."TuitionFee", s4."StudentId", s4."RewardOptionId", s4."Id", s4."Name"
      FROM "Students" AS s
      LEFT JOIN (
          SELECT s1."StudentId", s1."ClassId", s1."StartMonth", c."Id", c."EndDate", c."Name", c."SemesterId", c."StartDate", c."SubjectId", c."TeacherId", c."TuitionFee"
          FROM "StudentClasses" AS s1
          INNER JOIN "Classes" AS c ON s1."ClassId" = c."Id"
      ) AS s3 ON s."Id" = s3."StudentId"
      LEFT JOIN (
          SELECT s2."StudentId", s2."RewardOptionId", r."Id", r."Name"
          FROM "StudentRewards" AS s2
          INNER JOIN "RewardOptions" AS r ON s2."RewardOptionId" = r."Id"
      ) AS s4 ON s."Id" = s4."StudentId"
      WHERE EXISTS (
          SELECT 1
          FROM "StudentClasses" AS s0
          WHERE s."Id" = s0."StudentId" AND s0."ClassId" = @classId_Value)
      ORDER BY s."Name", s."Id", s3."StudentId", s3."ClassId", s3."Id", s4."StudentId", s4."RewardOptionId"
info: Microsoft.EntityFrameworkCore.Database.Command[20101]
      Executed DbCommand (1ms) [Parameters=[@classId_Value='?' (DbType = Int32), @parsedDate='?' (DbType = DateTime), @nextDate='?' (DbType = DateTime)], CommandType='Text', CommandTimeout='30']
      SELECT s."Id", s."StudentId", s0."Name", s."ClassId", c."Name", s."PenaltyRuleId", p."Name", s."Date", s."Amount", s."Note"
      FROM "StudentPenalties" AS s
      INNER JOIN "Students" AS s0 ON s."StudentId" = s0."Id"
      INNER JOIN "Classes" AS c ON s."ClassId" = c."Id"
      INNER JOIN "PenaltyRules" AS p ON s."PenaltyRuleId" = p."Id"
      WHERE s."ClassId" = @classId_Value AND s."Date" >= @parsedDate AND s."Date" < @nextDate
      ORDER BY s."Date" DESC, s0."Name"
info: Microsoft.EntityFrameworkCore.Database.Command[20101]
      Executed DbCommand (1ms) [Parameters=[@userId='?' (DbType = Int32)], CommandType='Text', CommandTimeout='30']
      SELECT u1."Id", u1."Email", u1."FullName", u1."PasswordHash", u1."PhoneNumber", u1."Role", u1."Status", u1."Token", u0."UserId", u0."SubjectId"
      FROM (
          SELECT u."Id", u."Email", u."FullName", u."PasswordHash", u."PhoneNumber", u."Role", u."Status", u."Token"
          FROM "Users" AS u
          WHERE u."Id" = @userId AND u."Status" = 'Active'
          LIMIT 1
      ) AS u1
      LEFT JOIN "UserSubjects" AS u0 ON u1."Id" = u0."UserId"
      ORDER BY u1."Id", u0."UserId"
info: Microsoft.EntityFrameworkCore.Database.Command[20101]
      Executed DbCommand (2ms) [Parameters=[@userId='?' (DbType = Int32)], CommandType='Text', CommandTimeout='30']
      SELECT u1."Id", u1."Email", u1."FullName", u1."PasswordHash", u1."PhoneNumber", u1."Role", u1."Status", u1."Token", u0."UserId", u0."SubjectId"
      FROM (
          SELECT u."Id", u."Email", u."FullName", u."PasswordHash", u."PhoneNumber", u."Role", u."Status", u."Token"
          FROM "Users" AS u
          WHERE u."Id" = @userId AND u."Status" = 'Active'
          LIMIT 1
      ) AS u1
      LEFT JOIN "UserSubjects" AS u0 ON u1."Id" = u0."UserId"
      ORDER BY u1."Id", u0."UserId"
info: Microsoft.EntityFrameworkCore.Database.Command[20101]
      Executed DbCommand (1ms) [Parameters=[@userId='?' (DbType = Int32)], CommandType='Text', CommandTimeout='30']
      SELECT u1."Id", u1."Email", u1."FullName", u1."PasswordHash", u1."PhoneNumber", u1."Role", u1."Status", u1."Token", u0."UserId", u0."SubjectId"
      FROM (
          SELECT u."Id", u."Email", u."FullName", u."PasswordHash", u."PhoneNumber", u."Role", u."Status", u."Token"
          FROM "Users" AS u
          WHERE u."Id" = @userId AND u."Status" = 'Active'
          LIMIT 1
      ) AS u1
      LEFT JOIN "UserSubjects" AS u0 ON u1."Id" = u0."UserId"
      ORDER BY u1."Id", u0."UserId"
info: Microsoft.EntityFrameworkCore.Database.Command[20101]
      Executed DbCommand (1ms) [Parameters=[], CommandType='Text', CommandTimeout='30']
      SELECT s."Id" AS "semesterId", s."Name" AS "semesterName", (
          SELECT count(*)::int
          FROM "Classes" AS c
          WHERE s."Id" = c."SemesterId") AS "totalClasses", (
          SELECT count(*)::int
          FROM (
              SELECT DISTINCT s0."StudentId"
              FROM "StudentClasses" AS s0
              INNER JOIN "Classes" AS c0 ON s0."ClassId" = c0."Id"
              WHERE c0."SemesterId" = s."Id"
          ) AS s1) AS "totalStudents", COALESCE((
          SELECT COALESCE(sum(t."AmountPaid"), 0.0)
          FROM "TuitionPayments" AS t
          INNER JOIN "TuitionPeriods" AS t0 ON t."TuitionPeriodId" = t0."Id"
          WHERE t0."SemesterId" = s."Id"), 0.0) AS "totalRevenue"
      FROM "Semesters" AS s
info: Microsoft.EntityFrameworkCore.Database.Command[20101]
      Executed DbCommand (1ms) [Parameters=[@p='?' (DbType = Int32)], CommandType='Text', CommandTimeout='30']
      SELECT s."Id", s."IsActive", s."Name"
      FROM "Semesters" AS s
      WHERE s."Id" = @p
      LIMIT 1
info: Microsoft.EntityFrameworkCore.Database.Command[20101]
      Executed DbCommand (1ms) [Parameters=[@semesterId='?' (DbType = Int32)], CommandType='Text', CommandTimeout='30']
      SELECT c."StartDate", c."EndDate"
      FROM "Classes" AS c
      WHERE c."SemesterId" = @semesterId AND c."StartDate" IS NOT NULL AND c."EndDate" IS NOT NULL
info: Microsoft.EntityFrameworkCore.Database.Command[20101]
      Executed DbCommand (1ms) [Parameters=[@semesterId='?' (DbType = Int32)], CommandType='Text', CommandTimeout='30']
      SELECT t."Id", t."DisplayOrder", t."MonthName", t."SemesterId"
      FROM "TuitionPeriods" AS t
      WHERE t."SemesterId" = @semesterId
info: Microsoft.EntityFrameworkCore.Database.Command[20101]
      Executed DbCommand (1ms) [Parameters=[@id='?' (DbType = Int32)], CommandType='Text', CommandTimeout='30']
      SELECT t."Id", t."MonthName", t."DisplayOrder"
      FROM "TuitionPeriods" AS t
      WHERE t."SemesterId" = @id
      ORDER BY t."DisplayOrder"
info: Microsoft.EntityFrameworkCore.Database.Command[20101]
      Executed DbCommand (1ms) [Parameters=[@semesterId='?' (DbType = Int32)], CommandType='Text', CommandTimeout='30']
      SELECT EXISTS (
          SELECT 1
          FROM "Semesters" AS s
          WHERE s."Id" = @semesterId)
info: Microsoft.EntityFrameworkCore.Database.Command[20101]
      Executed DbCommand (1ms) [Parameters=[@userId='?' (DbType = Int32)], CommandType='Text', CommandTimeout='30']
      SELECT u1."Id", u1."Email", u1."FullName", u1."PasswordHash", u1."PhoneNumber", u1."Role", u1."Status", u1."Token", u0."UserId", u0."SubjectId"
      FROM (
          SELECT u."Id", u."Email", u."FullName", u."PasswordHash", u."PhoneNumber", u."Role", u."Status", u."Token"
          FROM "Users" AS u
          WHERE u."Id" = @userId AND u."Status" = 'Active'
          LIMIT 1
      ) AS u1
      LEFT JOIN "UserSubjects" AS u0 ON u1."Id" = u0."UserId"
      ORDER BY u1."Id", u0."UserId"
info: Microsoft.EntityFrameworkCore.Database.Command[20101]
      Executed DbCommand (4ms) [Parameters=[@id='?' (DbType = Int32)], CommandType='Text', CommandTimeout='30']
      SELECT s."StudentId", s."ClassId", s."StartMonth", s0."Id", s0."Email", s0."Name", s0."PhoneNumber", s0."StartMonth", c."Id", s1."Id", s1."AmountPaid", s1."ClassId", s1."Notes", s1."StudentId", s1."TuitionPeriodId", s1."Id0", s1."DisplayOrder", s1."MonthName", s1."SemesterId", c."EndDate", c."Name", c."SemesterId", c."StartDate", c."SubjectId", c."TeacherId", c."TuitionFee"
      FROM "StudentClasses" AS s
      INNER JOIN "Classes" AS c ON s."ClassId" = c."Id"
      INNER JOIN "Students" AS s0 ON s."StudentId" = s0."Id"
      LEFT JOIN (
          SELECT t."Id", t."AmountPaid", t."ClassId", t."Notes", t."StudentId", t."TuitionPeriodId", t0."Id" AS "Id0", t0."DisplayOrder", t0."MonthName", t0."SemesterId"
          FROM "TuitionPayments" AS t
          INNER JOIN "TuitionPeriods" AS t0 ON t."TuitionPeriodId" = t0."Id"
      ) AS s1 ON s0."Id" = s1."StudentId"
      WHERE c."SemesterId" = @id
      ORDER BY c."Name", s0."Name", s."StudentId", s."ClassId", c."Id", s0."Id", s1."Id"
info: Microsoft.EntityFrameworkCore.Database.Command[20101]
      Executed DbCommand (1ms) [Parameters=[@semesterId='?' (DbType = Int32)], CommandType='Text', CommandTimeout='30']
      SELECT EXISTS (
          SELECT 1
          FROM "Semesters" AS s
          WHERE s."Id" = @semesterId)
info: Microsoft.EntityFrameworkCore.Database.Command[20101]
      Executed DbCommand (1ms) [Parameters=[@semesterId='?' (DbType = Int32)], CommandType='Text', CommandTimeout='30']
      SELECT c."Id", c."EndDate", c."Name", c."SemesterId", c."StartDate", c."SubjectId", c."TeacherId", c."TuitionFee"
      FROM "Classes" AS c
      WHERE c."SemesterId" = @semesterId
      ORDER BY c."Name"
info: Microsoft.EntityFrameworkCore.Database.Command[20101]
      Executed DbCommand (1ms) [Parameters=[@semesterId='?' (DbType = Int32)], CommandType='Text', CommandTimeout='30']
      SELECT t."Id", t."DisplayOrder", t."MonthName", t."SemesterId"
      FROM "TuitionPeriods" AS t
      WHERE t."SemesterId" = @semesterId
      ORDER BY t."DisplayOrder"
info: Microsoft.EntityFrameworkCore.Database.Command[20101]
      Executed DbCommand (1ms) [Parameters=[@p_Id='?' (DbType = Int32)], CommandType='Text', CommandTimeout='30']
      SELECT COALESCE(sum(t."AmountPaid"), 0.0)
      FROM "TuitionPayments" AS t
      WHERE t."TuitionPeriodId" = @p_Id
info: Microsoft.EntityFrameworkCore.Database.Command[20101]
      Executed DbCommand (1ms) [Parameters=[@c_Id='?' (DbType = Int32)], CommandType='Text', CommandTimeout='30']
      SELECT COALESCE(sum(t."AmountPaid"), 0.0)
      FROM "TuitionPayments" AS t
      WHERE t."ClassId" = @c_Id
info: Microsoft.EntityFrameworkCore.Database.Command[20101]
      Executed DbCommand (1ms) [Parameters=[@p_Id='?' (DbType = Int32)], CommandType='Text', CommandTimeout='30']
      SELECT COALESCE(sum(t."AmountPaid"), 0.0)
      FROM "TuitionPayments" AS t
      WHERE t."TuitionPeriodId" = @p_Id
info: Microsoft.EntityFrameworkCore.Database.Command[20101]
      Executed DbCommand (0ms) [Parameters=[@p_Id='?' (DbType = Int32)], CommandType='Text', CommandTimeout='30']
      SELECT COALESCE(sum(t."AmountPaid"), 0.0)
      FROM "TuitionPayments" AS t
      WHERE t."TuitionPeriodId" = @p_Id
info: Microsoft.EntityFrameworkCore.Database.Command[20101]
      Executed DbCommand (0ms) [Parameters=[@p_Id='?' (DbType = Int32)], CommandType='Text', CommandTimeout='30']
      SELECT COALESCE(sum(t."AmountPaid"), 0.0)
      FROM "TuitionPayments" AS t
      WHERE t."TuitionPeriodId" = @p_Id
info: Microsoft.EntityFrameworkCore.Database.Command[20101]
      Executed DbCommand (0ms) [Parameters=[@p_Id='?' (DbType = Int32)], CommandType='Text', CommandTimeout='30']
      SELECT COALESCE(sum(t."AmountPaid"), 0.0)
      FROM "TuitionPayments" AS t
      WHERE t."TuitionPeriodId" = @p_Id
info: Microsoft.EntityFrameworkCore.Database.Command[20101]
      Executed DbCommand (1ms) [Parameters=[@p_Id='?' (DbType = Int32)], CommandType='Text', CommandTimeout='30']
      SELECT COALESCE(sum(t."AmountPaid"), 0.0)
      FROM "TuitionPayments" AS t
      WHERE t."TuitionPeriodId" = @p_Id
info: Microsoft.EntityFrameworkCore.Database.Command[20101]
      Executed DbCommand (0ms) [Parameters=[@p_Id='?' (DbType = Int32)], CommandType='Text', CommandTimeout='30']
      SELECT COALESCE(sum(t."AmountPaid"), 0.0)
      FROM "TuitionPayments" AS t
      WHERE t."TuitionPeriodId" = @p_Id
info: Microsoft.EntityFrameworkCore.Database.Command[20101]
      Executed DbCommand (0ms) [Parameters=[@p_Id='?' (DbType = Int32)], CommandType='Text', CommandTimeout='30']
      SELECT COALESCE(sum(t."AmountPaid"), 0.0)
      FROM "TuitionPayments" AS t
      WHERE t."TuitionPeriodId" = @p_Id
info: Microsoft.EntityFrameworkCore.Database.Command[20101]
      Executed DbCommand (0ms) [Parameters=[@p_Id='?' (DbType = Int32)], CommandType='Text', CommandTimeout='30']
      SELECT COALESCE(sum(t."AmountPaid"), 0.0)
      FROM "TuitionPayments" AS t
      WHERE t."TuitionPeriodId" = @p_Id
info: Microsoft.EntityFrameworkCore.Database.Command[20101]
      Executed DbCommand (0ms) [Parameters=[@p_Id='?' (DbType = Int32)], CommandType='Text', CommandTimeout='30']
      SELECT COALESCE(sum(t."AmountPaid"), 0.0)
      FROM "TuitionPayments" AS t
      WHERE t."TuitionPeriodId" = @p_Id
info: Microsoft.EntityFrameworkCore.Database.Command[20101]
      Executed DbCommand (0ms) [Parameters=[@p_Id='?' (DbType = Int32)], CommandType='Text', CommandTimeout='30']
      SELECT COALESCE(sum(t."AmountPaid"), 0.0)
      FROM "TuitionPayments" AS t
      WHERE t."TuitionPeriodId" = @p_Id
info: Microsoft.EntityFrameworkCore.Database.Command[20101]
      Executed DbCommand (1ms) [Parameters=[@c_Id='?' (DbType = Int32)], CommandType='Text', CommandTimeout='30']
      SELECT count(*)::int
      FROM "StudentClasses" AS s
      WHERE s."ClassId" = @c_Id
info: Microsoft.EntityFrameworkCore.Database.Command[20101]
      Executed DbCommand (0ms) [Parameters=[@p_Id='?' (DbType = Int32)], CommandType='Text', CommandTimeout='30']
      SELECT COALESCE(sum(t."AmountPaid"), 0.0)
      FROM "TuitionPayments" AS t
      WHERE t."TuitionPeriodId" = @p_Id
info: Microsoft.EntityFrameworkCore.Database.Command[20101]
      Executed DbCommand (0ms) [Parameters=[@p_Id='?' (DbType = Int32)], CommandType='Text', CommandTimeout='30']
      SELECT COALESCE(sum(t."AmountPaid"), 0.0)
      FROM "TuitionPayments" AS t
      WHERE t."TuitionPeriodId" = @p_Id
info: Microsoft.EntityFrameworkCore.Database.Command[20101]
      Executed DbCommand (0ms) [Parameters=[@p_Id='?' (DbType = Int32)], CommandType='Text', CommandTimeout='30']
      SELECT COALESCE(sum(t."AmountPaid"), 0.0)
      FROM "TuitionPayments" AS t
      WHERE t."TuitionPeriodId" = @p_Id
info: Microsoft.EntityFrameworkCore.Database.Command[20101]
      Executed DbCommand (0ms) [Parameters=[@p_Id='?' (DbType = Int32)], CommandType='Text', CommandTimeout='30']
      SELECT COALESCE(sum(t."AmountPaid"), 0.0)
      FROM "TuitionPayments" AS t
      WHERE t."TuitionPeriodId" = @p_Id
info: Microsoft.EntityFrameworkCore.Database.Command[20101]
      Executed DbCommand (0ms) [Parameters=[@p_Id='?' (DbType = Int32)], CommandType='Text', CommandTimeout='30']
      SELECT COALESCE(sum(t."AmountPaid"), 0.0)
      FROM "TuitionPayments" AS t
      WHERE t."TuitionPeriodId" = @p_Id
info: Microsoft.EntityFrameworkCore.Database.Command[20101]
      Executed DbCommand (0ms) [Parameters=[@p_Id='?' (DbType = Int32)], CommandType='Text', CommandTimeout='30']
      SELECT COALESCE(sum(t."AmountPaid"), 0.0)
      FROM "TuitionPayments" AS t
      WHERE t."TuitionPeriodId" = @p_Id
info: Microsoft.EntityFrameworkCore.Database.Command[20101]
      Executed DbCommand (0ms) [Parameters=[@c_Id='?' (DbType = Int32)], CommandType='Text', CommandTimeout='30']
      SELECT COALESCE(sum(t."AmountPaid"), 0.0)
      FROM "TuitionPayments" AS t
      WHERE t."ClassId" = @c_Id
info: Microsoft.EntityFrameworkCore.Database.Command[20101]
      Executed DbCommand (0ms) [Parameters=[@p_Id='?' (DbType = Int32)], CommandType='Text', CommandTimeout='30']
      SELECT COALESCE(sum(t."AmountPaid"), 0.0)
      FROM "TuitionPayments" AS t
      WHERE t."TuitionPeriodId" = @p_Id
info: Microsoft.EntityFrameworkCore.Database.Command[20101]
      Executed DbCommand (0ms) [Parameters=[@p_Id='?' (DbType = Int32)], CommandType='Text', CommandTimeout='30']
      SELECT COALESCE(sum(t."AmountPaid"), 0.0)
      FROM "TuitionPayments" AS t
      WHERE t."TuitionPeriodId" = @p_Id
info: Microsoft.EntityFrameworkCore.Database.Command[20101]
      Executed DbCommand (1ms) [Parameters=[@c_Id='?' (DbType = Int32)], CommandType='Text', CommandTimeout='30']
      SELECT count(*)::int
      FROM "StudentClasses" AS s
      WHERE s."ClassId" = @c_Id
info: Microsoft.EntityFrameworkCore.Database.Command[20101]
      Executed DbCommand (0ms) [Parameters=[@c_Id='?' (DbType = Int32)], CommandType='Text', CommandTimeout='30']
      SELECT COALESCE(sum(t."AmountPaid"), 0.0)
      FROM "TuitionPayments" AS t
      WHERE t."ClassId" = @c_Id
info: Microsoft.EntityFrameworkCore.Database.Command[20101]
      Executed DbCommand (0ms) [Parameters=[@c_Id='?' (DbType = Int32)], CommandType='Text', CommandTimeout='30']
      SELECT count(*)::int
      FROM "StudentClasses" AS s
      WHERE s."ClassId" = @c_Id
info: Microsoft.EntityFrameworkCore.Database.Command[20101]
      Executed DbCommand (0ms) [Parameters=[@c_Id='?' (DbType = Int32)], CommandType='Text', CommandTimeout='30']
      SELECT COALESCE(sum(t."AmountPaid"), 0.0)
      FROM "TuitionPayments" AS t
      WHERE t."ClassId" = @c_Id
info: Microsoft.EntityFrameworkCore.Database.Command[20101]
      Executed DbCommand (1ms) [Parameters=[@c_Id='?' (DbType = Int32)], CommandType='Text', CommandTimeout='30']
      SELECT count(*)::int
      FROM "StudentClasses" AS s
      WHERE s."ClassId" = @c_Id
info: Microsoft.EntityFrameworkCore.Database.Command[20101]
      Executed DbCommand (0ms) [Parameters=[@c_Id='?' (DbType = Int32)], CommandType='Text', CommandTimeout='30']
      SELECT COALESCE(sum(t."AmountPaid"), 0.0)
      FROM "TuitionPayments" AS t
      WHERE t."ClassId" = @c_Id
info: Microsoft.EntityFrameworkCore.Database.Command[20101]
      Executed DbCommand (0ms) [Parameters=[@c_Id='?' (DbType = Int32)], CommandType='Text', CommandTimeout='30']
      SELECT count(*)::int
      FROM "StudentClasses" AS s
      WHERE s."ClassId" = @c_Id
info: Microsoft.EntityFrameworkCore.Database.Command[20101]
      Executed DbCommand (0ms) [Parameters=[@c_Id='?' (DbType = Int32)], CommandType='Text', CommandTimeout='30']
      SELECT COALESCE(sum(t."AmountPaid"), 0.0)
      FROM "TuitionPayments" AS t
      WHERE t."ClassId" = @c_Id
info: Microsoft.EntityFrameworkCore.Database.Command[20101]
      Executed DbCommand (0ms) [Parameters=[@c_Id='?' (DbType = Int32)], CommandType='Text', CommandTimeout='30']
      SELECT count(*)::int
      FROM "StudentClasses" AS s
      WHERE s."ClassId" = @c_Id
info: Microsoft.EntityFrameworkCore.Database.Command[20101]
      Executed DbCommand (0ms) [Parameters=[@c_Id='?' (DbType = Int32)], CommandType='Text', CommandTimeout='30']
      SELECT COALESCE(sum(t."AmountPaid"), 0.0)
      FROM "TuitionPayments" AS t
      WHERE t."ClassId" = @c_Id
info: Microsoft.EntityFrameworkCore.Database.Command[20101]
      Executed DbCommand (0ms) [Parameters=[@c_Id='?' (DbType = Int32)], CommandType='Text', CommandTimeout='30']
      SELECT count(*)::int
      FROM "StudentClasses" AS s
      WHERE s."ClassId" = @c_Id
info: Microsoft.EntityFrameworkCore.Database.Command[20101]
      Executed DbCommand (0ms) [Parameters=[@c_Id='?' (DbType = Int32)], CommandType='Text', CommandTimeout='30']
      SELECT COALESCE(sum(t."AmountPaid"), 0.0)
      FROM "TuitionPayments" AS t
      WHERE t."ClassId" = @c_Id
info: Microsoft.EntityFrameworkCore.Database.Command[20101]
      Executed DbCommand (0ms) [Parameters=[@c_Id='?' (DbType = Int32)], CommandType='Text', CommandTimeout='30']
      SELECT count(*)::int
      FROM "StudentClasses" AS s
      WHERE s."ClassId" = @c_Id
info: Microsoft.EntityFrameworkCore.Database.Command[20101]
      Executed DbCommand (1ms) [Parameters=[@c_Id='?' (DbType = Int32)], CommandType='Text', CommandTimeout='30']
      SELECT COALESCE(sum(t."AmountPaid"), 0.0)
      FROM "TuitionPayments" AS t
      WHERE t."ClassId" = @c_Id
info: Microsoft.EntityFrameworkCore.Database.Command[20101]
      Executed DbCommand (0ms) [Parameters=[@c_Id='?' (DbType = Int32)], CommandType='Text', CommandTimeout='30']
      SELECT count(*)::int
      FROM "StudentClasses" AS s
      WHERE s."ClassId" = @c_Id
info: Microsoft.EntityFrameworkCore.Database.Command[20101]
      Executed DbCommand (0ms) [Parameters=[@c_Id='?' (DbType = Int32)], CommandType='Text', CommandTimeout='30']
      SELECT COALESCE(sum(t."AmountPaid"), 0.0)
      FROM "TuitionPayments" AS t
      WHERE t."ClassId" = @c_Id
info: Microsoft.EntityFrameworkCore.Database.Command[20101]
      Executed DbCommand (0ms) [Parameters=[@c_Id='?' (DbType = Int32)], CommandType='Text', CommandTimeout='30']
      SELECT count(*)::int
      FROM "StudentClasses" AS s
      WHERE s."ClassId" = @c_Id
info: Microsoft.EntityFrameworkCore.Database.Command[20101]
      Executed DbCommand (0ms) [Parameters=[@c_Id='?' (DbType = Int32)], CommandType='Text', CommandTimeout='30']
      SELECT COALESCE(sum(t."AmountPaid"), 0.0)
      FROM "TuitionPayments" AS t
      WHERE t."ClassId" = @c_Id
info: Microsoft.EntityFrameworkCore.Database.Command[20101]
      Executed DbCommand (0ms) [Parameters=[@c_Id='?' (DbType = Int32)], CommandType='Text', CommandTimeout='30']
      SELECT count(*)::int
      FROM "StudentClasses" AS s
      WHERE s."ClassId" = @c_Id
info: Microsoft.EntityFrameworkCore.Database.Command[20101]
      Executed DbCommand (0ms) [Parameters=[@c_Id='?' (DbType = Int32)], CommandType='Text', CommandTimeout='30']
      SELECT COALESCE(sum(t."AmountPaid"), 0.0)
      FROM "TuitionPayments" AS t
      WHERE t."ClassId" = @c_Id
info: Microsoft.EntityFrameworkCore.Database.Command[20101]
      Executed DbCommand (0ms) [Parameters=[@c_Id='?' (DbType = Int32)], CommandType='Text', CommandTimeout='30']
      SELECT count(*)::int
      FROM "StudentClasses" AS s
      WHERE s."ClassId" = @c_Id
info: Microsoft.EntityFrameworkCore.Database.Command[20101]
      Executed DbCommand (0ms) [Parameters=[@c_Id='?' (DbType = Int32)], CommandType='Text', CommandTimeout='30']
      SELECT COALESCE(sum(t."AmountPaid"), 0.0)
      FROM "TuitionPayments" AS t
      WHERE t."ClassId" = @c_Id
info: Microsoft.EntityFrameworkCore.Database.Command[20101]
      Executed DbCommand (0ms) [Parameters=[@c_Id='?' (DbType = Int32)], CommandType='Text', CommandTimeout='30']
      SELECT count(*)::int
      FROM "StudentClasses" AS s
      WHERE s."ClassId" = @c_Id
info: Microsoft.EntityFrameworkCore.Database.Command[20101]
      Executed DbCommand (1ms) [Parameters=[@userId='?' (DbType = Int32)], CommandType='Text', CommandTimeout='30']
      SELECT u1."Id", u1."Email", u1."FullName", u1."PasswordHash", u1."PhoneNumber", u1."Role", u1."Status", u1."Token", u0."UserId", u0."SubjectId"
      FROM (
          SELECT u."Id", u."Email", u."FullName", u."PasswordHash", u."PhoneNumber", u."Role", u."Status", u."Token"
          FROM "Users" AS u
          WHERE u."Id" = @userId AND u."Status" = 'Active'
          LIMIT 1
      ) AS u1
      LEFT JOIN "UserSubjects" AS u0 ON u1."Id" = u0."UserId"
      ORDER BY u1."Id", u0."UserId"
info: Microsoft.EntityFrameworkCore.Database.Command[20101]
      Executed DbCommand (0ms) [Parameters=[@p='?' (DbType = Int32)], CommandType='Text', CommandTimeout='30']
      SELECT t."Id", t."DisplayOrder", t."MonthName", t."SemesterId"
      FROM "TuitionPeriods" AS t
      WHERE t."Id" = @p
      LIMIT 1
info: Microsoft.EntityFrameworkCore.Database.Command[20101]
      Executed DbCommand (1ms) [Parameters=[@semesterId='?' (DbType = Int32)], CommandType='Text', CommandTimeout='30']
      SELECT s."StudentId", s."ClassId", s."StartMonth", s0."Id", s0."Email", s0."Name", s0."PhoneNumber", s0."StartMonth", c."Id", c."EndDate", c."Name", c."SemesterId", c."StartDate", c."SubjectId", c."TeacherId", c."TuitionFee"
      FROM "StudentClasses" AS s
      INNER JOIN "Classes" AS c ON s."ClassId" = c."Id"
      INNER JOIN "Students" AS s0 ON s."StudentId" = s0."Id"
      WHERE c."SemesterId" = @semesterId
      ORDER BY c."Name", s0."Name"
info: Microsoft.EntityFrameworkCore.Database.Command[20101]
      Executed DbCommand (0ms) [Parameters=[@periodId='?' (DbType = Int32)], CommandType='Text', CommandTimeout='30']
      SELECT t."Id", t."AmountPaid", t."ClassId", t."Notes", t."StudentId", t."TuitionPeriodId"
      FROM "TuitionPayments" AS t
      WHERE t."TuitionPeriodId" = @periodId
info: Microsoft.EntityFrameworkCore.Database.Command[20101]
      Executed DbCommand (1ms) [Parameters=[@userId='?' (DbType = Int32)], CommandType='Text', CommandTimeout='30']
      SELECT u1."Id", u1."Email", u1."FullName", u1."PasswordHash", u1."PhoneNumber", u1."Role", u1."Status", u1."Token", u0."UserId", u0."SubjectId"
      FROM (
          SELECT u."Id", u."Email", u."FullName", u."PasswordHash", u."PhoneNumber", u."Role", u."Status", u."Token"
          FROM "Users" AS u
          WHERE u."Id" = @userId AND u."Status" = 'Active'
          LIMIT 1
      ) AS u1
      LEFT JOIN "UserSubjects" AS u0 ON u1."Id" = u0."UserId"
      ORDER BY u1."Id", u0."UserId"
info: Microsoft.EntityFrameworkCore.Database.Command[20101]
      Executed DbCommand (0ms) [Parameters=[], CommandType='Text', CommandTimeout='30']
      SELECT s."Id", s."IsActive", s."Name"
      FROM "Semesters" AS s
      ORDER BY s."Id"
info: Microsoft.EntityFrameworkCore.Database.Command[20101]
      Executed DbCommand (0ms) [Parameters=[@userId='?' (DbType = Int32)], CommandType='Text', CommandTimeout='30']
      SELECT u1."Id", u1."Email", u1."FullName", u1."PasswordHash", u1."PhoneNumber", u1."Role", u1."Status", u1."Token", u0."UserId", u0."SubjectId"
      FROM (
          SELECT u."Id", u."Email", u."FullName", u."PasswordHash", u."PhoneNumber", u."Role", u."Status", u."Token"
          FROM "Users" AS u
          WHERE u."Id" = @userId AND u."Status" = 'Active'
          LIMIT 1
      ) AS u1
      LEFT JOIN "UserSubjects" AS u0 ON u1."Id" = u0."UserId"
      ORDER BY u1."Id", u0."UserId"
info: Microsoft.EntityFrameworkCore.Database.Command[20101]
      Executed DbCommand (0ms) [Parameters=[], CommandType='Text', CommandTimeout='30']
      SELECT s."Id", s."Name"
      FROM "Subjects" AS s
      ORDER BY s."Name"
info: Microsoft.EntityFrameworkCore.Database.Command[20101]
      Executed DbCommand (1ms) [Parameters=[@userId='?' (DbType = Int32)], CommandType='Text', CommandTimeout='30']
      SELECT u1."Id", u1."Email", u1."FullName", u1."PasswordHash", u1."PhoneNumber", u1."Role", u1."Status", u1."Token", u0."UserId", u0."SubjectId"
      FROM (
          SELECT u."Id", u."Email", u."FullName", u."PasswordHash", u."PhoneNumber", u."Role", u."Status", u."Token"
          FROM "Users" AS u
          WHERE u."Id" = @userId AND u."Status" = 'Active'
          LIMIT 1
      ) AS u1
      LEFT JOIN "UserSubjects" AS u0 ON u1."Id" = u0."UserId"
      ORDER BY u1."Id", u0."UserId"
info: Microsoft.EntityFrameworkCore.Database.Command[20101]
      Executed DbCommand (1ms) [Parameters=[], CommandType='Text', CommandTimeout='30']
      SELECT u."Id", u."FullName", u."Email", u."PhoneNumber", u."Role", u."Status", u0."SubjectId", u0."UserId", s0."Name", s0."UserId", s0."SubjectId", s0."Id"
      FROM "Users" AS u
      LEFT JOIN "UserSubjects" AS u0 ON u."Id" = u0."UserId"
      LEFT JOIN (
          SELECT s."Name", u1."UserId", u1."SubjectId", s."Id"
          FROM "UserSubjects" AS u1
          INNER JOIN "Subjects" AS s ON u1."SubjectId" = s."Id"
      ) AS s0 ON u."Id" = s0."UserId"
      ORDER BY u."FullName", u."Id", u0."UserId", u0."SubjectId", s0."UserId", s0."SubjectId"
info: Microsoft.EntityFrameworkCore.Database.Command[20101]
      Executed DbCommand (1ms) [Parameters=[@userId='?' (DbType = Int32)], CommandType='Text', CommandTimeout='30']
      SELECT u1."Id", u1."Email", u1."FullName", u1."PasswordHash", u1."PhoneNumber", u1."Role", u1."Status", u1."Token", u0."UserId", u0."SubjectId"
      FROM (
          SELECT u."Id", u."Email", u."FullName", u."PasswordHash", u."PhoneNumber", u."Role", u."Status", u."Token"
          FROM "Users" AS u
          WHERE u."Id" = @userId AND u."Status" = 'Active'
          LIMIT 1
      ) AS u1
      LEFT JOIN "UserSubjects" AS u0 ON u1."Id" = u0."UserId"
      ORDER BY u1."Id", u0."UserId"
info: Microsoft.EntityFrameworkCore.Database.Command[20101]
      Executed DbCommand (0ms) [Parameters=[], CommandType='Text', CommandTimeout='30']
      SELECT s."Id", s."Name"
      FROM "Subjects" AS s
      ORDER BY s."Name"
info: Microsoft.EntityFrameworkCore.Database.Command[20101]
      Executed DbCommand (1ms) [Parameters=[@userId='?' (DbType = Int32)], CommandType='Text', CommandTimeout='30']
      SELECT u1."Id", u1."Email", u1."FullName", u1."PasswordHash", u1."PhoneNumber", u1."Role", u1."Status", u1."Token", u0."UserId", u0."SubjectId"
      FROM (
          SELECT u."Id", u."Email", u."FullName", u."PasswordHash", u."PhoneNumber", u."Role", u."Status", u."Token"
          FROM "Users" AS u
          WHERE u."Id" = @userId AND u."Status" = 'Active'
          LIMIT 1
      ) AS u1
      LEFT JOIN "UserSubjects" AS u0 ON u1."Id" = u0."UserId"
      ORDER BY u1."Id", u0."UserId"
info: Microsoft.EntityFrameworkCore.Database.Command[20101]
      Executed DbCommand (1ms) [Parameters=[], CommandType='Text', CommandTimeout='30']
      SELECT s."Id", s."IsAllowed", s."Role", s."ScreenKey"
      FROM "ScreenPermissions" AS s
      ORDER BY s."Role", s."ScreenKey"
info: Microsoft.EntityFrameworkCore.Database.Command[20101]
      Executed DbCommand (1ms) [Parameters=[@userId='?' (DbType = Int32)], CommandType='Text', CommandTimeout='30']
      SELECT u1."Id", u1."Email", u1."FullName", u1."PasswordHash", u1."PhoneNumber", u1."Role", u1."Status", u1."Token", u0."UserId", u0."SubjectId"
      FROM (
          SELECT u."Id", u."Email", u."FullName", u."PasswordHash", u."PhoneNumber", u."Role", u."Status", u."Token"
          FROM "Users" AS u
          WHERE u."Id" = @userId AND u."Status" = 'Active'
          LIMIT 1
      ) AS u1
      LEFT JOIN "UserSubjects" AS u0 ON u1."Id" = u0."UserId"
      ORDER BY u1."Id", u0."UserId"
info: Microsoft.EntityFrameworkCore.Database.Command[20101]
      Executed DbCommand (0ms) [Parameters=[@p='?' (DbType = Int32)], CommandType='Text', CommandTimeout='30']
      SELECT u."Id", u."Email", u."FullName", u."PasswordHash", u."PhoneNumber", u."Role", u."Status", u."Token"
      FROM "Users" AS u
      WHERE u."Id" = @p
      LIMIT 1
info: Microsoft.EntityFrameworkCore.Database.Command[20101]
      Executed DbCommand (55ms) [Parameters=[@p0='?' (DbType = Int32)], CommandType='Text', CommandTimeout='30']
      DELETE FROM "Users"
      WHERE "Id" = @p0;
info: Microsoft.EntityFrameworkCore.Database.Command[20101]
      Executed DbCommand (0ms) [Parameters=[@userId='?' (DbType = Int32)], CommandType='Text', CommandTimeout='30']
      SELECT u1."Id", u1."Email", u1."FullName", u1."PasswordHash", u1."PhoneNumber", u1."Role", u1."Status", u1."Token", u0."UserId", u0."SubjectId"
      FROM (
          SELECT u."Id", u."Email", u."FullName", u."PasswordHash", u."PhoneNumber", u."Role", u."Status", u."Token"
          FROM "Users" AS u
          WHERE u."Id" = @userId AND u."Status" = 'Active'
          LIMIT 1
      ) AS u1
      LEFT JOIN "UserSubjects" AS u0 ON u1."Id" = u0."UserId"
      ORDER BY u1."Id", u0."UserId"
info: Microsoft.EntityFrameworkCore.Database.Command[20101]
      Executed DbCommand (1ms) [Parameters=[], CommandType='Text', CommandTimeout='30']
      SELECT u."Id", u."FullName", u."Email", u."PhoneNumber", u."Role", u."Status", u0."SubjectId", u0."UserId", s0."Name", s0."UserId", s0."SubjectId", s0."Id"
      FROM "Users" AS u
      LEFT JOIN "UserSubjects" AS u0 ON u."Id" = u0."UserId"
      LEFT JOIN (
          SELECT s."Name", u1."UserId", u1."SubjectId", s."Id"
          FROM "UserSubjects" AS u1
          INNER JOIN "Subjects" AS s ON u1."SubjectId" = s."Id"
      ) AS s0 ON u."Id" = s0."UserId"
      ORDER BY u."FullName", u."Id", u0."UserId", u0."SubjectId", s0."UserId", s0."SubjectId"
info: Microsoft.EntityFrameworkCore.Database.Command[20101]
      Executed DbCommand (1ms) [Parameters=[@userId='?' (DbType = Int32)], CommandType='Text', CommandTimeout='30']
      SELECT u1."Id", u1."Email", u1."FullName", u1."PasswordHash", u1."PhoneNumber", u1."Role", u1."Status", u1."Token", u0."UserId", u0."SubjectId"
      FROM (
          SELECT u."Id", u."Email", u."FullName", u."PasswordHash", u."PhoneNumber", u."Role", u."Status", u."Token"
          FROM "Users" AS u
          WHERE u."Id" = @userId AND u."Status" = 'Active'
          LIMIT 1
      ) AS u1
      LEFT JOIN "UserSubjects" AS u0 ON u1."Id" = u0."UserId"
      ORDER BY u1."Id", u0."UserId"
info: Microsoft.EntityFrameworkCore.Database.Command[20101]
      Executed DbCommand (1ms) [Parameters=[@user_Role='?'], CommandType='Text', CommandTimeout='30']
      SELECT s."Id", s."IsAllowed", s."Role", s."ScreenKey"
      FROM "ScreenPermissions" AS s
      WHERE s."Role" = @user_Role
info: Microsoft.EntityFrameworkCore.Database.Command[20101]
      Executed DbCommand (1ms) [Parameters=[@userId='?' (DbType = Int32)], CommandType='Text', CommandTimeout='30']
      SELECT u1."Id", u1."Email", u1."FullName", u1."PasswordHash", u1."PhoneNumber", u1."Role", u1."Status", u1."Token", u0."UserId", u0."SubjectId"
      FROM (
          SELECT u."Id", u."Email", u."FullName", u."PasswordHash", u."PhoneNumber", u."Role", u."Status", u."Token"
          FROM "Users" AS u
          WHERE u."Id" = @userId AND u."Status" = 'Active'
          LIMIT 1
      ) AS u1
      LEFT JOIN "UserSubjects" AS u0 ON u1."Id" = u0."UserId"
      ORDER BY u1."Id", u0."UserId"
info: Microsoft.EntityFrameworkCore.Database.Command[20101]
      Executed DbCommand (1ms) [Parameters=[], CommandType='Text', CommandTimeout='30']
      SELECT s."Id", s."IsActive", s."Name"
      FROM "Semesters" AS s
      ORDER BY s."Id"
info: Microsoft.EntityFrameworkCore.Database.Command[20101]
      Executed DbCommand (1ms) [Parameters=[@userId='?' (DbType = Int32)], CommandType='Text', CommandTimeout='30']
      SELECT u1."Id", u1."Email", u1."FullName", u1."PasswordHash", u1."PhoneNumber", u1."Role", u1."Status", u1."Token", u0."UserId", u0."SubjectId"
      FROM (
          SELECT u."Id", u."Email", u."FullName", u."PasswordHash", u."PhoneNumber", u."Role", u."Status", u."Token"
          FROM "Users" AS u
          WHERE u."Id" = @userId AND u."Status" = 'Active'
          LIMIT 1
      ) AS u1
      LEFT JOIN "UserSubjects" AS u0 ON u1."Id" = u0."UserId"
      ORDER BY u1."Id", u0."UserId"
info: Microsoft.EntityFrameworkCore.Database.Command[20101]
      Executed DbCommand (0ms) [Parameters=[], CommandType='Text', CommandTimeout='30']
      SELECT s."Id", s."IsActive", s."Name"
      FROM "Semesters" AS s
      ORDER BY s."Id"
info: Microsoft.EntityFrameworkCore.Database.Command[20101]
      Executed DbCommand (1ms) [Parameters=[@userId='?' (DbType = Int32)], CommandType='Text', CommandTimeout='30']
      SELECT u1."Id", u1."Email", u1."FullName", u1."PasswordHash", u1."PhoneNumber", u1."Role", u1."Status", u1."Token", u0."UserId", u0."SubjectId"
      FROM (
          SELECT u."Id", u."Email", u."FullName", u."PasswordHash", u."PhoneNumber", u."Role", u."Status", u."Token"
          FROM "Users" AS u
          WHERE u."Id" = @userId AND u."Status" = 'Active'
          LIMIT 1
      ) AS u1
      LEFT JOIN "UserSubjects" AS u0 ON u1."Id" = u0."UserId"
      ORDER BY u1."Id", u0."UserId"
info: Microsoft.EntityFrameworkCore.Database.Command[20101]
      Executed DbCommand (1ms) [Parameters=[@userId='?' (DbType = Int32)], CommandType='Text', CommandTimeout='30']
      SELECT u1."Id", u1."Email", u1."FullName", u1."PasswordHash", u1."PhoneNumber", u1."Role", u1."Status", u1."Token", u0."UserId", u0."SubjectId"
      FROM (
          SELECT u."Id", u."Email", u."FullName", u."PasswordHash", u."PhoneNumber", u."Role", u."Status", u."Token"
          FROM "Users" AS u
          WHERE u."Id" = @userId AND u."Status" = 'Active'
          LIMIT 1
      ) AS u1
      LEFT JOIN "UserSubjects" AS u0 ON u1."Id" = u0."UserId"
      ORDER BY u1."Id", u0."UserId"
info: Microsoft.EntityFrameworkCore.Database.Command[20101]
      Executed DbCommand (1ms) [Parameters=[@semesterId_Value='?' (DbType = Int32)], CommandType='Text', CommandTimeout='30']
      SELECT c."Id", c."EndDate", c."Name", c."SemesterId", c."StartDate", c."SubjectId", c."TeacherId", c."TuitionFee", c0."Id", c0."ClassId", c0."DayOfWeek", c0."TimeSlot"
      FROM "Classes" AS c
      LEFT JOIN "ClassSchedules" AS c0 ON c."Id" = c0."ClassId"
      WHERE c."SemesterId" = @semesterId_Value
      ORDER BY c."Name", c."Id"
info: Microsoft.EntityFrameworkCore.Database.Command[20101]
      Executed DbCommand (1ms) [Parameters=[@userId='?' (DbType = Int32)], CommandType='Text', CommandTimeout='30']
      SELECT u1."Id", u1."Email", u1."FullName", u1."PasswordHash", u1."PhoneNumber", u1."Role", u1."Status", u1."Token", u0."UserId", u0."SubjectId"
      FROM (
          SELECT u."Id", u."Email", u."FullName", u."PasswordHash", u."PhoneNumber", u."Role", u."Status", u."Token"
          FROM "Users" AS u
          WHERE u."Id" = @userId AND u."Status" = 'Active'
          LIMIT 1
      ) AS u1
      LEFT JOIN "UserSubjects" AS u0 ON u1."Id" = u0."UserId"
      ORDER BY u1."Id", u0."UserId"
info: Microsoft.EntityFrameworkCore.Database.Command[20101]
      Executed DbCommand (0ms) [Parameters=[], CommandType='Text', CommandTimeout='30']
      SELECT r."Id", r."Name"
      FROM "RewardOptions" AS r
      ORDER BY r."Name"
info: Microsoft.EntityFrameworkCore.Database.Command[20101]
      Executed DbCommand (2ms) [Parameters=[@semesterId_Value='?' (DbType = Int32)], CommandType='Text', CommandTimeout='30']
      SELECT s."Id", s."Email", s."Name", s."PhoneNumber", s."StartMonth", s3."StudentId", s3."ClassId", s3."StartMonth", s3."Id", s3."EndDate", s3."Name", s3."SemesterId", s3."StartDate", s3."SubjectId", s3."TeacherId", s3."TuitionFee", s4."StudentId", s4."RewardOptionId", s4."Id", s4."Name"
      FROM "Students" AS s
      LEFT JOIN (
          SELECT s1."StudentId", s1."ClassId", s1."StartMonth", c0."Id", c0."EndDate", c0."Name", c0."SemesterId", c0."StartDate", c0."SubjectId", c0."TeacherId", c0."TuitionFee"
          FROM "StudentClasses" AS s1
          INNER JOIN "Classes" AS c0 ON s1."ClassId" = c0."Id"
      ) AS s3 ON s."Id" = s3."StudentId"
      LEFT JOIN (
          SELECT s2."StudentId", s2."RewardOptionId", r."Id", r."Name"
          FROM "StudentRewards" AS s2
          INNER JOIN "RewardOptions" AS r ON s2."RewardOptionId" = r."Id"
      ) AS s4 ON s."Id" = s4."StudentId"
      WHERE EXISTS (
          SELECT 1
          FROM "StudentClasses" AS s0
          INNER JOIN "Classes" AS c ON s0."ClassId" = c."Id"
          WHERE s."Id" = s0."StudentId" AND c."SemesterId" = @semesterId_Value)
      ORDER BY s."Name", s."Id", s3."StudentId", s3."ClassId", s3."Id", s4."StudentId", s4."RewardOptionId"
info: Microsoft.EntityFrameworkCore.Database.Command[20101]
      Executed DbCommand (1ms) [Parameters=[@userId='?' (DbType = Int32)], CommandType='Text', CommandTimeout='30']
      SELECT u1."Id", u1."Email", u1."FullName", u1."PasswordHash", u1."PhoneNumber", u1."Role", u1."Status", u1."Token", u0."UserId", u0."SubjectId"
      FROM (
          SELECT u."Id", u."Email", u."FullName", u."PasswordHash", u."PhoneNumber", u."Role", u."Status", u."Token"
          FROM "Users" AS u
          WHERE u."Id" = @userId AND u."Status" = 'Active'
          LIMIT 1
      ) AS u1
      LEFT JOIN "UserSubjects" AS u0 ON u1."Id" = u0."UserId"
      ORDER BY u1."Id", u0."UserId"
info: Microsoft.EntityFrameworkCore.Database.Command[20101]
      Executed DbCommand (0ms) [Parameters=[@p='?' (DbType = Int32)], CommandType='Text', CommandTimeout='30']
      SELECT u."Id", u."Email", u."FullName", u."PasswordHash", u."PhoneNumber", u."Role", u."Status", u."Token"
      FROM "Users" AS u
      WHERE u."Id" = @p
      LIMIT 1
info: Microsoft.EntityFrameworkCore.Database.Command[20101]
      Executed DbCommand (1ms) [Parameters=[@p0='?' (DbType = Int32)], CommandType='Text', CommandTimeout='30']
      DELETE FROM "Users"
      WHERE "Id" = @p0;
info: Microsoft.EntityFrameworkCore.Database.Command[20101]
      Executed DbCommand (0ms) [Parameters=[@userId='?' (DbType = Int32)], CommandType='Text', CommandTimeout='30']
      SELECT u1."Id", u1."Email", u1."FullName", u1."PasswordHash", u1."PhoneNumber", u1."Role", u1."Status", u1."Token", u0."UserId", u0."SubjectId"
      FROM (
          SELECT u."Id", u."Email", u."FullName", u."PasswordHash", u."PhoneNumber", u."Role", u."Status", u."Token"
          FROM "Users" AS u
          WHERE u."Id" = @userId AND u."Status" = 'Active'
          LIMIT 1
      ) AS u1
      LEFT JOIN "UserSubjects" AS u0 ON u1."Id" = u0."UserId"
      ORDER BY u1."Id", u0."UserId"
info: Microsoft.EntityFrameworkCore.Database.Command[20101]
      Executed DbCommand (1ms) [Parameters=[], CommandType='Text', CommandTimeout='30']
      SELECT u."Id", u."FullName", u."Email", u."PhoneNumber", u."Role", u."Status", u0."SubjectId", u0."UserId", s0."Name", s0."UserId", s0."SubjectId", s0."Id"
      FROM "Users" AS u
      LEFT JOIN "UserSubjects" AS u0 ON u."Id" = u0."UserId"
      LEFT JOIN (
          SELECT s."Name", u1."UserId", u1."SubjectId", s."Id"
          FROM "UserSubjects" AS u1
          INNER JOIN "Subjects" AS s ON u1."SubjectId" = s."Id"
      ) AS s0 ON u."Id" = s0."UserId"
      ORDER BY u."FullName", u."Id", u0."UserId", u0."SubjectId", s0."UserId", s0."SubjectId"
info: Microsoft.EntityFrameworkCore.Database.Command[20101]
      Executed DbCommand (4ms) [Parameters=[@userId='?' (DbType = Int32)], CommandType='Text', CommandTimeout='30']
      SELECT u1."Id", u1."Email", u1."FullName", u1."PasswordHash", u1."PhoneNumber", u1."Role", u1."Status", u1."Token", u0."UserId", u0."SubjectId"
      FROM (
          SELECT u."Id", u."Email", u."FullName", u."PasswordHash", u."PhoneNumber", u."Role", u."Status", u."Token"
          FROM "Users" AS u
          WHERE u."Id" = @userId AND u."Status" = 'Active'
          LIMIT 1
      ) AS u1
      LEFT JOIN "UserSubjects" AS u0 ON u1."Id" = u0."UserId"
      ORDER BY u1."Id", u0."UserId"
info: Microsoft.EntityFrameworkCore.Database.Command[20101]
      Executed DbCommand (1ms) [Parameters=[@user_Role='?'], CommandType='Text', CommandTimeout='30']
      SELECT s."Id", s."IsAllowed", s."Role", s."ScreenKey"
      FROM "ScreenPermissions" AS s
      WHERE s."Role" = @user_Role
info: Microsoft.EntityFrameworkCore.Database.Command[20101]
      Executed DbCommand (1ms) [Parameters=[@userId='?' (DbType = Int32)], CommandType='Text', CommandTimeout='30']
      SELECT u1."Id", u1."Email", u1."FullName", u1."PasswordHash", u1."PhoneNumber", u1."Role", u1."Status", u1."Token", u0."UserId", u0."SubjectId"
      FROM (
          SELECT u."Id", u."Email", u."FullName", u."PasswordHash", u."PhoneNumber", u."Role", u."Status", u."Token"
          FROM "Users" AS u
          WHERE u."Id" = @userId AND u."Status" = 'Active'
          LIMIT 1
      ) AS u1
      LEFT JOIN "UserSubjects" AS u0 ON u1."Id" = u0."UserId"
      ORDER BY u1."Id", u0."UserId"
info: Microsoft.EntityFrameworkCore.Database.Command[20101]
      Executed DbCommand (0ms) [Parameters=[], CommandType='Text', CommandTimeout='30']
      SELECT s."Id", s."IsActive", s."Name"
      FROM "Semesters" AS s
      ORDER BY s."Id"
info: Microsoft.EntityFrameworkCore.Database.Command[20101]
      Executed DbCommand (1ms) [Parameters=[@userId='?' (DbType = Int32)], CommandType='Text', CommandTimeout='30']
      SELECT u1."Id", u1."Email", u1."FullName", u1."PasswordHash", u1."PhoneNumber", u1."Role", u1."Status", u1."Token", u0."UserId", u0."SubjectId"
      FROM (
          SELECT u."Id", u."Email", u."FullName", u."PasswordHash", u."PhoneNumber", u."Role", u."Status", u."Token"
          FROM "Users" AS u
          WHERE u."Id" = @userId AND u."Status" = 'Active'
          LIMIT 1
      ) AS u1
      LEFT JOIN "UserSubjects" AS u0 ON u1."Id" = u0."UserId"
      ORDER BY u1."Id", u0."UserId"
info: Microsoft.EntityFrameworkCore.Database.Command[20101]
      Executed DbCommand (1ms) [Parameters=[], CommandType='Text', CommandTimeout='30']
      SELECT s."Id", s."Name"
      FROM "Subjects" AS s
      ORDER BY s."Name"
info: Microsoft.EntityFrameworkCore.Database.Command[20101]
      Executed DbCommand (1ms) [Parameters=[@userId='?' (DbType = Int32)], CommandType='Text', CommandTimeout='30']
      SELECT u1."Id", u1."Email", u1."FullName", u1."PasswordHash", u1."PhoneNumber", u1."Role", u1."Status", u1."Token", u0."UserId", u0."SubjectId"
      FROM (
          SELECT u."Id", u."Email", u."FullName", u."PasswordHash", u."PhoneNumber", u."Role", u."Status", u."Token"
          FROM "Users" AS u
          WHERE u."Id" = @userId AND u."Status" = 'Active'
          LIMIT 1
      ) AS u1
      LEFT JOIN "UserSubjects" AS u0 ON u1."Id" = u0."UserId"
      ORDER BY u1."Id", u0."UserId"
info: Microsoft.EntityFrameworkCore.Database.Command[20101]
      Executed DbCommand (0ms) [Parameters=[], CommandType='Text', CommandTimeout='30']
      SELECT s."Id", s."IsAllowed", s."Role", s."ScreenKey"
      FROM "ScreenPermissions" AS s
      ORDER BY s."Role", s."ScreenKey"
info: Microsoft.EntityFrameworkCore.Database.Command[20101]
      Executed DbCommand (2ms) [Parameters=[@userId='?' (DbType = Int32)], CommandType='Text', CommandTimeout='30']
      SELECT u1."Id", u1."Email", u1."FullName", u1."PasswordHash", u1."PhoneNumber", u1."Role", u1."Status", u1."Token", u0."UserId", u0."SubjectId"
      FROM (
          SELECT u."Id", u."Email", u."FullName", u."PasswordHash", u."PhoneNumber", u."Role", u."Status", u."Token"
          FROM "Users" AS u
          WHERE u."Id" = @userId AND u."Status" = 'Active'
          LIMIT 1
      ) AS u1
      LEFT JOIN "UserSubjects" AS u0 ON u1."Id" = u0."UserId"
      ORDER BY u1."Id", u0."UserId"
info: Microsoft.EntityFrameworkCore.Database.Command[20101]
      Executed DbCommand (1ms) [Parameters=[], CommandType='Text', CommandTimeout='30']
      SELECT u."Id", u."FullName", u."Email", u."PhoneNumber", u."Role", u."Status", u0."SubjectId", u0."UserId", s0."Name", s0."UserId", s0."SubjectId", s0."Id"
      FROM "Users" AS u
      LEFT JOIN "UserSubjects" AS u0 ON u."Id" = u0."UserId"
      LEFT JOIN (
          SELECT s."Name", u1."UserId", u1."SubjectId", s."Id"
          FROM "UserSubjects" AS u1
          INNER JOIN "Subjects" AS s ON u1."SubjectId" = s."Id"
      ) AS s0 ON u."Id" = s0."UserId"
      ORDER BY u."FullName", u."Id", u0."UserId", u0."SubjectId", s0."UserId", s0."SubjectId"
info: Microsoft.EntityFrameworkCore.Database.Command[20101]
      Executed DbCommand (1ms) [Parameters=[@userId='?' (DbType = Int32)], CommandType='Text', CommandTimeout='30']
      SELECT u1."Id", u1."Email", u1."FullName", u1."PasswordHash", u1."PhoneNumber", u1."Role", u1."Status", u1."Token", u0."UserId", u0."SubjectId"
      FROM (
          SELECT u."Id", u."Email", u."FullName", u."PasswordHash", u."PhoneNumber", u."Role", u."Status", u."Token"
          FROM "Users" AS u
          WHERE u."Id" = @userId AND u."Status" = 'Active'
          LIMIT 1
      ) AS u1
      LEFT JOIN "UserSubjects" AS u0 ON u1."Id" = u0."UserId"
      ORDER BY u1."Id", u0."UserId"
info: Microsoft.EntityFrameworkCore.Database.Command[20101]
      Executed DbCommand (0ms) [Parameters=[], CommandType='Text', CommandTimeout='30']
      SELECT s."Id", s."IsActive", s."Name"
      FROM "Semesters" AS s
      ORDER BY s."Id"
info: Microsoft.EntityFrameworkCore.Database.Command[20101]
      Executed DbCommand (2ms) [Parameters=[@request_Email='?'], CommandType='Text', CommandTimeout='30']
      SELECT u."Id", u."Email", u."FullName", u."PasswordHash", u."PhoneNumber", u."Role", u."Status", u."Token"
      FROM "Users" AS u
      WHERE u."Email" = @request_Email
      LIMIT 1
info: Microsoft.EntityFrameworkCore.Database.Command[20101]
      Executed DbCommand (0ms) [Parameters=[@request_Email='?'], CommandType='Text', CommandTimeout='30']
      SELECT u."Id", u."Email", u."FullName", u."PasswordHash", u."PhoneNumber", u."Role", u."Status", u."Token"
      FROM "Users" AS u
      WHERE u."Email" = @request_Email
      LIMIT 1
info: Microsoft.EntityFrameworkCore.Database.Command[20101]
      Executed DbCommand (0ms) [Parameters=[@request_Email='?'], CommandType='Text', CommandTimeout='30']
      SELECT u."Id", u."Email", u."FullName", u."PasswordHash", u."PhoneNumber", u."Role", u."Status", u."Token"
      FROM "Users" AS u
      WHERE u."Email" = @request_Email
      LIMIT 1
info: Microsoft.EntityFrameworkCore.Database.Command[20101]
      Executed DbCommand (1ms) [Parameters=[@user_Role='?'], CommandType='Text', CommandTimeout='30']
      SELECT s."Id", s."IsAllowed", s."Role", s."ScreenKey"
      FROM "ScreenPermissions" AS s
      WHERE s."Role" = @user_Role
info: Microsoft.EntityFrameworkCore.Database.Command[20101]
      Executed DbCommand (1ms) [Parameters=[@userId='?' (DbType = Int32)], CommandType='Text', CommandTimeout='30']
      SELECT u1."Id", u1."Email", u1."FullName", u1."PasswordHash", u1."PhoneNumber", u1."Role", u1."Status", u1."Token", u0."UserId", u0."SubjectId"
      FROM (
          SELECT u."Id", u."Email", u."FullName", u."PasswordHash", u."PhoneNumber", u."Role", u."Status", u."Token"
          FROM "Users" AS u
          WHERE u."Id" = @userId AND u."Status" = 'Active'
          LIMIT 1
      ) AS u1
      LEFT JOIN "UserSubjects" AS u0 ON u1."Id" = u0."UserId"
      ORDER BY u1."Id", u0."UserId"
info: Microsoft.EntityFrameworkCore.Database.Command[20101]
      Executed DbCommand (1ms) [Parameters=[], CommandType='Text', CommandTimeout='30']
      SELECT s."Id", s."IsActive", s."Name"
      FROM "Semesters" AS s
      ORDER BY s."Id"
info: Microsoft.EntityFrameworkCore.Database.Command[20101]
      Executed DbCommand (1ms) [Parameters=[@userId='?' (DbType = Int32)], CommandType='Text', CommandTimeout='30']
      SELECT u1."Id", u1."Email", u1."FullName", u1."PasswordHash", u1."PhoneNumber", u1."Role", u1."Status", u1."Token", u0."UserId", u0."SubjectId"
      FROM (
          SELECT u."Id", u."Email", u."FullName", u."PasswordHash", u."PhoneNumber", u."Role", u."Status", u."Token"
          FROM "Users" AS u
          WHERE u."Id" = @userId AND u."Status" = 'Active'
          LIMIT 1
      ) AS u1
      LEFT JOIN "UserSubjects" AS u0 ON u1."Id" = u0."UserId"
      ORDER BY u1."Id", u0."UserId"
info: Microsoft.EntityFrameworkCore.Database.Command[20101]
      Executed DbCommand (0ms) [Parameters=[@p='?' (DbType = Int32)], CommandType='Text', CommandTimeout='30']
      SELECT s."Id", s."IsActive", s."Name"
      FROM "Semesters" AS s
      WHERE s."Id" = @p
      LIMIT 1
info: Microsoft.EntityFrameworkCore.Database.Command[20101]
      Executed DbCommand (1ms) [Parameters=[@semesterId='?' (DbType = Int32)], CommandType='Text', CommandTimeout='30']
      SELECT c."StartDate", c."EndDate"
      FROM "Classes" AS c
      WHERE c."SemesterId" = @semesterId AND c."StartDate" IS NOT NULL AND c."EndDate" IS NOT NULL
info: Microsoft.EntityFrameworkCore.Database.Command[20101]
      Executed DbCommand (1ms) [Parameters=[@semesterId='?' (DbType = Int32)], CommandType='Text', CommandTimeout='30']
      SELECT t."Id", t."DisplayOrder", t."MonthName", t."SemesterId"
      FROM "TuitionPeriods" AS t
      WHERE t."SemesterId" = @semesterId
info: Microsoft.EntityFrameworkCore.Database.Command[20101]
      Executed DbCommand (0ms) [Parameters=[@id='?' (DbType = Int32)], CommandType='Text', CommandTimeout='30']
      SELECT t."Id", t."MonthName", t."DisplayOrder"
      FROM "TuitionPeriods" AS t
      WHERE t."SemesterId" = @id
      ORDER BY t."DisplayOrder"
info: Microsoft.EntityFrameworkCore.Database.Command[20101]
      Executed DbCommand (4ms) [Parameters=[@id='?' (DbType = Int32)], CommandType='Text', CommandTimeout='30']
      SELECT s."StudentId", s."ClassId", s."StartMonth", s0."Id", s0."Email", s0."Name", s0."PhoneNumber", s0."StartMonth", c."Id", s1."Id", s1."AmountPaid", s1."ClassId", s1."Notes", s1."StudentId", s1."TuitionPeriodId", s1."Id0", s1."DisplayOrder", s1."MonthName", s1."SemesterId", c."EndDate", c."Name", c."SemesterId", c."StartDate", c."SubjectId", c."TeacherId", c."TuitionFee"
      FROM "StudentClasses" AS s
      INNER JOIN "Classes" AS c ON s."ClassId" = c."Id"
      INNER JOIN "Students" AS s0 ON s."StudentId" = s0."Id"
      LEFT JOIN (
          SELECT t."Id", t."AmountPaid", t."ClassId", t."Notes", t."StudentId", t."TuitionPeriodId", t0."Id" AS "Id0", t0."DisplayOrder", t0."MonthName", t0."SemesterId"
          FROM "TuitionPayments" AS t
          INNER JOIN "TuitionPeriods" AS t0 ON t."TuitionPeriodId" = t0."Id"
      ) AS s1 ON s0."Id" = s1."StudentId"
      WHERE c."SemesterId" = @id
      ORDER BY c."Name", s0."Name", s."StudentId", s."ClassId", c."Id", s0."Id", s1."Id"
info: Microsoft.EntityFrameworkCore.Database.Command[20101]
      Executed DbCommand (0ms) [Parameters=[@userId='?' (DbType = Int32)], CommandType='Text', CommandTimeout='30']
      SELECT u1."Id", u1."Email", u1."FullName", u1."PasswordHash", u1."PhoneNumber", u1."Role", u1."Status", u1."Token", u0."UserId", u0."SubjectId"
      FROM (
          SELECT u."Id", u."Email", u."FullName", u."PasswordHash", u."PhoneNumber", u."Role", u."Status", u."Token"
          FROM "Users" AS u
          WHERE u."Id" = @userId AND u."Status" = 'Active'
          LIMIT 1
      ) AS u1
      LEFT JOIN "UserSubjects" AS u0 ON u1."Id" = u0."UserId"
      ORDER BY u1."Id", u0."UserId"
info: Microsoft.EntityFrameworkCore.Database.Command[20101]
      Executed DbCommand (1ms) [Parameters=[], CommandType='Text', CommandTimeout='30']
      SELECT s."Id" AS "semesterId", s."Name" AS "semesterName", (
          SELECT count(*)::int
          FROM "Classes" AS c
          WHERE s."Id" = c."SemesterId") AS "totalClasses", (
          SELECT count(*)::int
          FROM (
              SELECT DISTINCT s0."StudentId"
              FROM "StudentClasses" AS s0
              INNER JOIN "Classes" AS c0 ON s0."ClassId" = c0."Id"
              WHERE c0."SemesterId" = s."Id"
          ) AS s1) AS "totalStudents", COALESCE((
          SELECT COALESCE(sum(t."AmountPaid"), 0.0)
          FROM "TuitionPayments" AS t
          INNER JOIN "TuitionPeriods" AS t0 ON t."TuitionPeriodId" = t0."Id"
          WHERE t0."SemesterId" = s."Id"), 0.0) AS "totalRevenue"
      FROM "Semesters" AS s
info: Microsoft.EntityFrameworkCore.Database.Command[20101]
      Executed DbCommand (3ms) [Parameters=[@userId='?' (DbType = Int32)], CommandType='Text', CommandTimeout='30']
      SELECT u1."Id", u1."Email", u1."FullName", u1."PasswordHash", u1."PhoneNumber", u1."Role", u1."Status", u1."Token", u0."UserId", u0."SubjectId"
      FROM (
          SELECT u."Id", u."Email", u."FullName", u."PasswordHash", u."PhoneNumber", u."Role", u."Status", u."Token"
          FROM "Users" AS u
          WHERE u."Id" = @userId AND u."Status" = 'Active'
          LIMIT 1
      ) AS u1
      LEFT JOIN "UserSubjects" AS u0 ON u1."Id" = u0."UserId"
      ORDER BY u1."Id", u0."UserId"
info: Microsoft.EntityFrameworkCore.Database.Command[20101]
      Executed DbCommand (1ms) [Parameters=[@semesterId_Value='?' (DbType = Int32)], CommandType='Text', CommandTimeout='30']
      SELECT c."Id", c."EndDate", c."Name", c."SemesterId", c."StartDate", c."SubjectId", c."TeacherId", c."TuitionFee", c0."Id", c0."ClassId", c0."DayOfWeek", c0."TimeSlot"
      FROM "Classes" AS c
      LEFT JOIN "ClassSchedules" AS c0 ON c."Id" = c0."ClassId"
      WHERE c."SemesterId" = @semesterId_Value
      ORDER BY c."Name", c."Id"
info: Microsoft.EntityFrameworkCore.Database.Command[20101]
      Executed DbCommand (1ms) [Parameters=[@userId='?' (DbType = Int32)], CommandType='Text', CommandTimeout='30']
      SELECT u1."Id", u1."Email", u1."FullName", u1."PasswordHash", u1."PhoneNumber", u1."Role", u1."Status", u1."Token", u0."UserId", u0."SubjectId"
      FROM (
          SELECT u."Id", u."Email", u."FullName", u."PasswordHash", u."PhoneNumber", u."Role", u."Status", u."Token"
          FROM "Users" AS u
          WHERE u."Id" = @userId AND u."Status" = 'Active'
          LIMIT 1
      ) AS u1
      LEFT JOIN "UserSubjects" AS u0 ON u1."Id" = u0."UserId"
      ORDER BY u1."Id", u0."UserId"
info: Microsoft.EntityFrameworkCore.Database.Command[20101]
      Executed DbCommand (1ms) [Parameters=[@semesterId_Value='?' (DbType = Int32)], CommandType='Text', CommandTimeout='30']
      SELECT c."Id", c."EndDate", c."Name", c."SemesterId", c."StartDate", c."SubjectId", c."TeacherId", c."TuitionFee", c0."Id", c0."ClassId", c0."DayOfWeek", c0."TimeSlot"
      FROM "Classes" AS c
      LEFT JOIN "ClassSchedules" AS c0 ON c."Id" = c0."ClassId"
      WHERE c."SemesterId" = @semesterId_Value
      ORDER BY c."Name", c."Id"
info: Microsoft.EntityFrameworkCore.Database.Command[20101]
      Executed DbCommand (1ms) [Parameters=[@userId='?' (DbType = Int32)], CommandType='Text', CommandTimeout='30']
      SELECT u1."Id", u1."Email", u1."FullName", u1."PasswordHash", u1."PhoneNumber", u1."Role", u1."Status", u1."Token", u0."UserId", u0."SubjectId"
      FROM (
          SELECT u."Id", u."Email", u."FullName", u."PasswordHash", u."PhoneNumber", u."Role", u."Status", u."Token"
          FROM "Users" AS u
          WHERE u."Id" = @userId AND u."Status" = 'Active'
          LIMIT 1
      ) AS u1
      LEFT JOIN "UserSubjects" AS u0 ON u1."Id" = u0."UserId"
      ORDER BY u1."Id", u0."UserId"
info: Microsoft.EntityFrameworkCore.Database.Command[20101]
      Executed DbCommand (1ms) [Parameters=[@classId='?' (DbType = Int32), @parsedDate='?' (DbType = DateTime), @nextDate='?' (DbType = DateTime)], CommandType='Text', CommandTimeout='30']
      SELECT a."Id", a."ClassId", a."Date", a."Note", a."Status", a."StudentId", s."Id", s."Email", s."Name", s."PhoneNumber", s."StartMonth"
      FROM "Attendances" AS a
      INNER JOIN "Students" AS s ON a."StudentId" = s."Id"
      WHERE a."ClassId" = @classId AND a."Date" >= @parsedDate AND a."Date" < @nextDate
info: Microsoft.EntityFrameworkCore.Database.Command[20101]
      Executed DbCommand (1ms) [Parameters=[@classId='?' (DbType = Int32)], CommandType='Text', CommandTimeout='30']
      SELECT s0."Id", s0."Email", s0."Name", s0."PhoneNumber", s0."StartMonth"
      FROM "StudentClasses" AS s
      INNER JOIN "Students" AS s0 ON s."StudentId" = s0."Id"
      WHERE s."ClassId" = @classId
      ORDER BY s0."Name"
info: Microsoft.EntityFrameworkCore.Database.Command[20101]
      Executed DbCommand (1ms) [Parameters=[@userId='?' (DbType = Int32)], CommandType='Text', CommandTimeout='30']
      SELECT u1."Id", u1."Email", u1."FullName", u1."PasswordHash", u1."PhoneNumber", u1."Role", u1."Status", u1."Token", u0."UserId", u0."SubjectId"
      FROM (
          SELECT u."Id", u."Email", u."FullName", u."PasswordHash", u."PhoneNumber", u."Role", u."Status", u."Token"
          FROM "Users" AS u
          WHERE u."Id" = @userId AND u."Status" = 'Active'
          LIMIT 1
      ) AS u1
      LEFT JOIN "UserSubjects" AS u0 ON u1."Id" = u0."UserId"
      ORDER BY u1."Id", u0."UserId"
info: Microsoft.EntityFrameworkCore.Database.Command[20101]
      Executed DbCommand (0ms) [Parameters=[@classId='?' (DbType = Int32)], CommandType='Text', CommandTimeout='30']
      SELECT a."Date", a."Status"
      FROM "Attendances" AS a
      WHERE a."ClassId" = @classId
info: Microsoft.EntityFrameworkCore.Database.Command[20101]
      Executed DbCommand (1ms) [Parameters=[@userId='?' (DbType = Int32)], CommandType='Text', CommandTimeout='30']
      SELECT u1."Id", u1."Email", u1."FullName", u1."PasswordHash", u1."PhoneNumber", u1."Role", u1."Status", u1."Token", u0."UserId", u0."SubjectId"
      FROM (
          SELECT u."Id", u."Email", u."FullName", u."PasswordHash", u."PhoneNumber", u."Role", u."Status", u."Token"
          FROM "Users" AS u
          WHERE u."Id" = @userId AND u."Status" = 'Active'
          LIMIT 1
      ) AS u1
      LEFT JOIN "UserSubjects" AS u0 ON u1."Id" = u0."UserId"
      ORDER BY u1."Id", u0."UserId"
info: Microsoft.EntityFrameworkCore.Database.Command[20101]
      Executed DbCommand (1ms) [Parameters=[@classId='?' (DbType = Int32)], CommandType='Text', CommandTimeout='30']
      SELECT a."Date", a."Status"
      FROM "Attendances" AS a
      WHERE a."ClassId" = @classId
info: Microsoft.EntityFrameworkCore.Database.Command[20101]
      Executed DbCommand (3ms) [Parameters=[@userId='?' (DbType = Int32)], CommandType='Text', CommandTimeout='30']
      SELECT u1."Id", u1."Email", u1."FullName", u1."PasswordHash", u1."PhoneNumber", u1."Role", u1."Status", u1."Token", u0."UserId", u0."SubjectId"
      FROM (
          SELECT u."Id", u."Email", u."FullName", u."PasswordHash", u."PhoneNumber", u."Role", u."Status", u."Token"
          FROM "Users" AS u
          WHERE u."Id" = @userId AND u."Status" = 'Active'
          LIMIT 1
      ) AS u1
      LEFT JOIN "UserSubjects" AS u0 ON u1."Id" = u0."UserId"
      ORDER BY u1."Id", u0."UserId"
info: Microsoft.EntityFrameworkCore.Database.Command[20101]
      Executed DbCommand (1ms) [Parameters=[@classId='?' (DbType = Int32), @parsedDate='?' (DbType = DateTime), @nextDate='?' (DbType = DateTime)], CommandType='Text', CommandTimeout='30']
      SELECT a."Id", a."ClassId", a."Date", a."Note", a."Status", a."StudentId", s."Id", s."Email", s."Name", s."PhoneNumber", s."StartMonth"
      FROM "Attendances" AS a
      INNER JOIN "Students" AS s ON a."StudentId" = s."Id"
      WHERE a."ClassId" = @classId AND a."Date" >= @parsedDate AND a."Date" < @nextDate
info: Microsoft.EntityFrameworkCore.Database.Command[20101]
      Executed DbCommand (2ms) [Parameters=[@classId='?' (DbType = Int32)], CommandType='Text', CommandTimeout='30']
      SELECT s0."Id", s0."Email", s0."Name", s0."PhoneNumber", s0."StartMonth"
      FROM "StudentClasses" AS s
      INNER JOIN "Students" AS s0 ON s."StudentId" = s0."Id"
      WHERE s."ClassId" = @classId
      ORDER BY s0."Name"
info: Microsoft.EntityFrameworkCore.Database.Command[20101]
      Executed DbCommand (1ms) [Parameters=[@userId='?' (DbType = Int32)], CommandType='Text', CommandTimeout='30']
      SELECT u1."Id", u1."Email", u1."FullName", u1."PasswordHash", u1."PhoneNumber", u1."Role", u1."Status", u1."Token", u0."UserId", u0."SubjectId"
      FROM (
          SELECT u."Id", u."Email", u."FullName", u."PasswordHash", u."PhoneNumber", u."Role", u."Status", u."Token"
          FROM "Users" AS u
          WHERE u."Id" = @userId AND u."Status" = 'Active'
          LIMIT 1
      ) AS u1
      LEFT JOIN "UserSubjects" AS u0 ON u1."Id" = u0."UserId"
      ORDER BY u1."Id", u0."UserId"
info: Microsoft.EntityFrameworkCore.Database.Command[20101]
      Executed DbCommand (0ms) [Parameters=[@classId='?' (DbType = Int32)], CommandType='Text', CommandTimeout='30']
      SELECT a."Date", a."Status"
      FROM "Attendances" AS a
      WHERE a."ClassId" = @classId
info: Microsoft.EntityFrameworkCore.Database.Command[20101]
      Executed DbCommand (1ms) [Parameters=[@userId='?' (DbType = Int32)], CommandType='Text', CommandTimeout='30']
      SELECT u1."Id", u1."Email", u1."FullName", u1."PasswordHash", u1."PhoneNumber", u1."Role", u1."Status", u1."Token", u0."UserId", u0."SubjectId"
      FROM (
          SELECT u."Id", u."Email", u."FullName", u."PasswordHash", u."PhoneNumber", u."Role", u."Status", u."Token"
          FROM "Users" AS u
          WHERE u."Id" = @userId AND u."Status" = 'Active'
          LIMIT 1
      ) AS u1
      LEFT JOIN "UserSubjects" AS u0 ON u1."Id" = u0."UserId"
      ORDER BY u1."Id", u0."UserId"
info: Microsoft.EntityFrameworkCore.Database.Command[20101]
      Executed DbCommand (1ms) [Parameters=[@classId='?' (DbType = Int32), @parsedDate='?' (DbType = DateTime), @nextDate='?' (DbType = DateTime)], CommandType='Text', CommandTimeout='30']
      SELECT a."Id", a."ClassId", a."Date", a."Note", a."Status", a."StudentId", s."Id", s."Email", s."Name", s."PhoneNumber", s."StartMonth"
      FROM "Attendances" AS a
      INNER JOIN "Students" AS s ON a."StudentId" = s."Id"
      WHERE a."ClassId" = @classId AND a."Date" >= @parsedDate AND a."Date" < @nextDate
info: Microsoft.EntityFrameworkCore.Database.Command[20101]
      Executed DbCommand (1ms) [Parameters=[@classId='?' (DbType = Int32)], CommandType='Text', CommandTimeout='30']
      SELECT s0."Id", s0."Email", s0."Name", s0."PhoneNumber", s0."StartMonth"
      FROM "StudentClasses" AS s
      INNER JOIN "Students" AS s0 ON s."StudentId" = s0."Id"
      WHERE s."ClassId" = @classId
      ORDER BY s0."Name"
info: Microsoft.EntityFrameworkCore.Database.Command[20101]
      Executed DbCommand (1ms) [Parameters=[@userId='?' (DbType = Int32)], CommandType='Text', CommandTimeout='30']
      SELECT u1."Id", u1."Email", u1."FullName", u1."PasswordHash", u1."PhoneNumber", u1."Role", u1."Status", u1."Token", u0."UserId", u0."SubjectId"
      FROM (
          SELECT u."Id", u."Email", u."FullName", u."PasswordHash", u."PhoneNumber", u."Role", u."Status", u."Token"
          FROM "Users" AS u
          WHERE u."Id" = @userId AND u."Status" = 'Active'
          LIMIT 1
      ) AS u1
      LEFT JOIN "UserSubjects" AS u0 ON u1."Id" = u0."UserId"
      ORDER BY u1."Id", u0."UserId"
info: Microsoft.EntityFrameworkCore.Database.Command[20101]
      Executed DbCommand (1ms) [Parameters=[@classId='?' (DbType = Int32)], CommandType='Text', CommandTimeout='30']
      SELECT a."Date", a."Status"
      FROM "Attendances" AS a
      WHERE a."ClassId" = @classId
info: Microsoft.EntityFrameworkCore.Database.Command[20101]
      Executed DbCommand (1ms) [Parameters=[@userId='?' (DbType = Int32)], CommandType='Text', CommandTimeout='30']
      SELECT u1."Id", u1."Email", u1."FullName", u1."PasswordHash", u1."PhoneNumber", u1."Role", u1."Status", u1."Token", u0."UserId", u0."SubjectId"
      FROM (
          SELECT u."Id", u."Email", u."FullName", u."PasswordHash", u."PhoneNumber", u."Role", u."Status", u."Token"
          FROM "Users" AS u
          WHERE u."Id" = @userId AND u."Status" = 'Active'
          LIMIT 1
      ) AS u1
      LEFT JOIN "UserSubjects" AS u0 ON u1."Id" = u0."UserId"
      ORDER BY u1."Id", u0."UserId"
info: Microsoft.EntityFrameworkCore.Database.Command[20101]
      Executed DbCommand (1ms) [Parameters=[@classId='?' (DbType = Int32), @parsedDate='?' (DbType = DateTime), @nextDate='?' (DbType = DateTime)], CommandType='Text', CommandTimeout='30']
      SELECT a."Id", a."ClassId", a."Date", a."Note", a."Status", a."StudentId", s."Id", s."Email", s."Name", s."PhoneNumber", s."StartMonth"
      FROM "Attendances" AS a
      INNER JOIN "Students" AS s ON a."StudentId" = s."Id"
      WHERE a."ClassId" = @classId AND a."Date" >= @parsedDate AND a."Date" < @nextDate
info: Microsoft.EntityFrameworkCore.Database.Command[20101]
      Executed DbCommand (1ms) [Parameters=[@classId='?' (DbType = Int32)], CommandType='Text', CommandTimeout='30']
      SELECT s0."Id", s0."Email", s0."Name", s0."PhoneNumber", s0."StartMonth"
      FROM "StudentClasses" AS s
      INNER JOIN "Students" AS s0 ON s."StudentId" = s0."Id"
      WHERE s."ClassId" = @classId
      ORDER BY s0."Name"
info: Microsoft.EntityFrameworkCore.Database.Command[20101]
      Executed DbCommand (3ms) [Parameters=[@userId='?' (DbType = Int32)], CommandType='Text', CommandTimeout='30']
      SELECT u1."Id", u1."Email", u1."FullName", u1."PasswordHash", u1."PhoneNumber", u1."Role", u1."Status", u1."Token", u0."UserId", u0."SubjectId"
      FROM (
          SELECT u."Id", u."Email", u."FullName", u."PasswordHash", u."PhoneNumber", u."Role", u."Status", u."Token"
          FROM "Users" AS u
          WHERE u."Id" = @userId AND u."Status" = 'Active'
          LIMIT 1
      ) AS u1
      LEFT JOIN "UserSubjects" AS u0 ON u1."Id" = u0."UserId"
      ORDER BY u1."Id", u0."UserId"
info: Microsoft.EntityFrameworkCore.Database.Command[20101]
      Executed DbCommand (1ms) [Parameters=[], CommandType='Text', CommandTimeout='30']
      SELECT s."Id", s."IsActive", s."Name"
      FROM "Semesters" AS s
      ORDER BY s."Id"
info: Microsoft.EntityFrameworkCore.Database.Command[20101]
      Executed DbCommand (1ms) [Parameters=[@userId='?' (DbType = Int32)], CommandType='Text', CommandTimeout='30']
      SELECT u1."Id", u1."Email", u1."FullName", u1."PasswordHash", u1."PhoneNumber", u1."Role", u1."Status", u1."Token", u0."UserId", u0."SubjectId"
      FROM (
          SELECT u."Id", u."Email", u."FullName", u."PasswordHash", u."PhoneNumber", u."Role", u."Status", u."Token"
          FROM "Users" AS u
          WHERE u."Id" = @userId AND u."Status" = 'Active'
          LIMIT 1
      ) AS u1
      LEFT JOIN "UserSubjects" AS u0 ON u1."Id" = u0."UserId"
      ORDER BY u1."Id", u0."UserId"
info: Microsoft.EntityFrameworkCore.Database.Command[20101]
      Executed DbCommand (1ms) [Parameters=[], CommandType='Text', CommandTimeout='30']
      SELECT s."Id", s."Name"
      FROM "Subjects" AS s
      ORDER BY s."Name"
info: Microsoft.EntityFrameworkCore.Database.Command[20101]
      Executed DbCommand (1ms) [Parameters=[@userId='?' (DbType = Int32)], CommandType='Text', CommandTimeout='30']
      SELECT u1."Id", u1."Email", u1."FullName", u1."PasswordHash", u1."PhoneNumber", u1."Role", u1."Status", u1."Token", u0."UserId", u0."SubjectId"
      FROM (
          SELECT u."Id", u."Email", u."FullName", u."PasswordHash", u."PhoneNumber", u."Role", u."Status", u."Token"
          FROM "Users" AS u
          WHERE u."Id" = @userId AND u."Status" = 'Active'
          LIMIT 1
      ) AS u1
      LEFT JOIN "UserSubjects" AS u0 ON u1."Id" = u0."UserId"
      ORDER BY u1."Id", u0."UserId"
info: Microsoft.EntityFrameworkCore.Database.Command[20101]
      Executed DbCommand (3ms) [Parameters=[], CommandType='Text', CommandTimeout='30']
      SELECT s."Id" AS "semesterId", s."Name" AS "semesterName", (
          SELECT count(*)::int
          FROM "Classes" AS c
          WHERE s."Id" = c."SemesterId") AS "totalClasses", (
          SELECT count(*)::int
          FROM (
              SELECT DISTINCT s0."StudentId"
              FROM "StudentClasses" AS s0
              INNER JOIN "Classes" AS c0 ON s0."ClassId" = c0."Id"
              WHERE c0."SemesterId" = s."Id"
          ) AS s1) AS "totalStudents", COALESCE((
          SELECT COALESCE(sum(t."AmountPaid"), 0.0)
          FROM "TuitionPayments" AS t
          INNER JOIN "TuitionPeriods" AS t0 ON t."TuitionPeriodId" = t0."Id"
          WHERE t0."SemesterId" = s."Id"), 0.0) AS "totalRevenue"
      FROM "Semesters" AS s
info: Microsoft.EntityFrameworkCore.Database.Command[20101]
      Executed DbCommand (1ms) [Parameters=[@userId='?' (DbType = Int32)], CommandType='Text', CommandTimeout='30']
      SELECT u1."Id", u1."Email", u1."FullName", u1."PasswordHash", u1."PhoneNumber", u1."Role", u1."Status", u1."Token", u0."UserId", u0."SubjectId"
      FROM (
          SELECT u."Id", u."Email", u."FullName", u."PasswordHash", u."PhoneNumber", u."Role", u."Status", u."Token"
          FROM "Users" AS u
          WHERE u."Id" = @userId AND u."Status" = 'Active'
          LIMIT 1
      ) AS u1
      LEFT JOIN "UserSubjects" AS u0 ON u1."Id" = u0."UserId"
      ORDER BY u1."Id", u0."UserId"
info: Microsoft.EntityFrameworkCore.Database.Command[20101]
      Executed DbCommand (0ms) [Parameters=[@semesterId='?' (DbType = Int32)], CommandType='Text', CommandTimeout='30']
      SELECT EXISTS (
          SELECT 1
          FROM "Semesters" AS s
          WHERE s."Id" = @semesterId)
info: Microsoft.EntityFrameworkCore.Database.Command[20101]
      Executed DbCommand (0ms) [Parameters=[@semesterId='?' (DbType = Int32)], CommandType='Text', CommandTimeout='30']
      SELECT c."Id", c."EndDate", c."Name", c."SemesterId", c."StartDate", c."SubjectId", c."TeacherId", c."TuitionFee"
      FROM "Classes" AS c
      WHERE c."SemesterId" = @semesterId
      ORDER BY c."Name"
info: Microsoft.EntityFrameworkCore.Database.Command[20101]
      Executed DbCommand (1ms) [Parameters=[@c_Id='?' (DbType = Int32)], CommandType='Text', CommandTimeout='30']
      SELECT COALESCE(sum(t."AmountPaid"), 0.0)
      FROM "TuitionPayments" AS t
      WHERE t."ClassId" = @c_Id
info: Microsoft.EntityFrameworkCore.Database.Command[20101]
      Executed DbCommand (0ms) [Parameters=[@c_Id='?' (DbType = Int32)], CommandType='Text', CommandTimeout='30']
      SELECT count(*)::int
      FROM "StudentClasses" AS s
      WHERE s."ClassId" = @c_Id
info: Microsoft.EntityFrameworkCore.Database.Command[20101]
      Executed DbCommand (0ms) [Parameters=[@c_Id='?' (DbType = Int32)], CommandType='Text', CommandTimeout='30']
      SELECT COALESCE(sum(t."AmountPaid"), 0.0)
      FROM "TuitionPayments" AS t
      WHERE t."ClassId" = @c_Id
info: Microsoft.EntityFrameworkCore.Database.Command[20101]
      Executed DbCommand (0ms) [Parameters=[@c_Id='?' (DbType = Int32)], CommandType='Text', CommandTimeout='30']
      SELECT count(*)::int
      FROM "StudentClasses" AS s
      WHERE s."ClassId" = @c_Id
info: Microsoft.EntityFrameworkCore.Database.Command[20101]
      Executed DbCommand (0ms) [Parameters=[@c_Id='?' (DbType = Int32)], CommandType='Text', CommandTimeout='30']
      SELECT COALESCE(sum(t."AmountPaid"), 0.0)
      FROM "TuitionPayments" AS t
      WHERE t."ClassId" = @c_Id
info: Microsoft.EntityFrameworkCore.Database.Command[20101]
      Executed DbCommand (0ms) [Parameters=[@c_Id='?' (DbType = Int32)], CommandType='Text', CommandTimeout='30']
      SELECT count(*)::int
      FROM "StudentClasses" AS s
      WHERE s."ClassId" = @c_Id
info: Microsoft.EntityFrameworkCore.Database.Command[20101]
      Executed DbCommand (0ms) [Parameters=[@c_Id='?' (DbType = Int32)], CommandType='Text', CommandTimeout='30']
      SELECT COALESCE(sum(t."AmountPaid"), 0.0)
      FROM "TuitionPayments" AS t
      WHERE t."ClassId" = @c_Id
info: Microsoft.EntityFrameworkCore.Database.Command[20101]
      Executed DbCommand (0ms) [Parameters=[@c_Id='?' (DbType = Int32)], CommandType='Text', CommandTimeout='30']
      SELECT count(*)::int
      FROM "StudentClasses" AS s
      WHERE s."ClassId" = @c_Id
info: Microsoft.EntityFrameworkCore.Database.Command[20101]
      Executed DbCommand (0ms) [Parameters=[@c_Id='?' (DbType = Int32)], CommandType='Text', CommandTimeout='30']
      SELECT COALESCE(sum(t."AmountPaid"), 0.0)
      FROM "TuitionPayments" AS t
      WHERE t."ClassId" = @c_Id
info: Microsoft.EntityFrameworkCore.Database.Command[20101]
      Executed DbCommand (0ms) [Parameters=[@c_Id='?' (DbType = Int32)], CommandType='Text', CommandTimeout='30']
      SELECT count(*)::int
      FROM "StudentClasses" AS s
      WHERE s."ClassId" = @c_Id
info: Microsoft.EntityFrameworkCore.Database.Command[20101]
      Executed DbCommand (0ms) [Parameters=[@c_Id='?' (DbType = Int32)], CommandType='Text', CommandTimeout='30']
      SELECT COALESCE(sum(t."AmountPaid"), 0.0)
      FROM "TuitionPayments" AS t
      WHERE t."ClassId" = @c_Id
info: Microsoft.EntityFrameworkCore.Database.Command[20101]
      Executed DbCommand (0ms) [Parameters=[@c_Id='?' (DbType = Int32)], CommandType='Text', CommandTimeout='30']
      SELECT count(*)::int
      FROM "StudentClasses" AS s
      WHERE s."ClassId" = @c_Id
info: Microsoft.EntityFrameworkCore.Database.Command[20101]
      Executed DbCommand (0ms) [Parameters=[@c_Id='?' (DbType = Int32)], CommandType='Text', CommandTimeout='30']
      SELECT COALESCE(sum(t."AmountPaid"), 0.0)
      FROM "TuitionPayments" AS t
      WHERE t."ClassId" = @c_Id
info: Microsoft.EntityFrameworkCore.Database.Command[20101]
      Executed DbCommand (0ms) [Parameters=[@c_Id='?' (DbType = Int32)], CommandType='Text', CommandTimeout='30']
      SELECT count(*)::int
      FROM "StudentClasses" AS s
      WHERE s."ClassId" = @c_Id
info: Microsoft.EntityFrameworkCore.Database.Command[20101]
      Executed DbCommand (0ms) [Parameters=[@c_Id='?' (DbType = Int32)], CommandType='Text', CommandTimeout='30']
      SELECT COALESCE(sum(t."AmountPaid"), 0.0)
      FROM "TuitionPayments" AS t
      WHERE t."ClassId" = @c_Id
info: Microsoft.EntityFrameworkCore.Database.Command[20101]
      Executed DbCommand (0ms) [Parameters=[@c_Id='?' (DbType = Int32)], CommandType='Text', CommandTimeout='30']
      SELECT count(*)::int
      FROM "StudentClasses" AS s
      WHERE s."ClassId" = @c_Id
info: Microsoft.EntityFrameworkCore.Database.Command[20101]
      Executed DbCommand (0ms) [Parameters=[@c_Id='?' (DbType = Int32)], CommandType='Text', CommandTimeout='30']
      SELECT COALESCE(sum(t."AmountPaid"), 0.0)
      FROM "TuitionPayments" AS t
      WHERE t."ClassId" = @c_Id
info: Microsoft.EntityFrameworkCore.Database.Command[20101]
      Executed DbCommand (0ms) [Parameters=[@c_Id='?' (DbType = Int32)], CommandType='Text', CommandTimeout='30']
      SELECT count(*)::int
      FROM "StudentClasses" AS s
      WHERE s."ClassId" = @c_Id
info: Microsoft.EntityFrameworkCore.Database.Command[20101]
      Executed DbCommand (0ms) [Parameters=[@c_Id='?' (DbType = Int32)], CommandType='Text', CommandTimeout='30']
      SELECT COALESCE(sum(t."AmountPaid"), 0.0)
      FROM "TuitionPayments" AS t
      WHERE t."ClassId" = @c_Id
info: Microsoft.EntityFrameworkCore.Database.Command[20101]
      Executed DbCommand (0ms) [Parameters=[@c_Id='?' (DbType = Int32)], CommandType='Text', CommandTimeout='30']
      SELECT count(*)::int
      FROM "StudentClasses" AS s
      WHERE s."ClassId" = @c_Id
info: Microsoft.EntityFrameworkCore.Database.Command[20101]
      Executed DbCommand (0ms) [Parameters=[@c_Id='?' (DbType = Int32)], CommandType='Text', CommandTimeout='30']
      SELECT COALESCE(sum(t."AmountPaid"), 0.0)
      FROM "TuitionPayments" AS t
      WHERE t."ClassId" = @c_Id
info: Microsoft.EntityFrameworkCore.Database.Command[20101]
      Executed DbCommand (0ms) [Parameters=[@c_Id='?' (DbType = Int32)], CommandType='Text', CommandTimeout='30']
      SELECT count(*)::int
      FROM "StudentClasses" AS s
      WHERE s."ClassId" = @c_Id
info: Microsoft.EntityFrameworkCore.Database.Command[20101]
      Executed DbCommand (0ms) [Parameters=[@c_Id='?' (DbType = Int32)], CommandType='Text', CommandTimeout='30']
      SELECT COALESCE(sum(t."AmountPaid"), 0.0)
      FROM "TuitionPayments" AS t
      WHERE t."ClassId" = @c_Id
info: Microsoft.EntityFrameworkCore.Database.Command[20101]
      Executed DbCommand (0ms) [Parameters=[@c_Id='?' (DbType = Int32)], CommandType='Text', CommandTimeout='30']
      SELECT count(*)::int
      FROM "StudentClasses" AS s
      WHERE s."ClassId" = @c_Id
info: Microsoft.EntityFrameworkCore.Database.Command[20101]
      Executed DbCommand (0ms) [Parameters=[@c_Id='?' (DbType = Int32)], CommandType='Text', CommandTimeout='30']
      SELECT COALESCE(sum(t."AmountPaid"), 0.0)
      FROM "TuitionPayments" AS t
      WHERE t."ClassId" = @c_Id
info: Microsoft.EntityFrameworkCore.Database.Command[20101]
      Executed DbCommand (0ms) [Parameters=[@c_Id='?' (DbType = Int32)], CommandType='Text', CommandTimeout='30']
      SELECT count(*)::int
      FROM "StudentClasses" AS s
      WHERE s."ClassId" = @c_Id
info: Microsoft.EntityFrameworkCore.Database.Command[20101]
      Executed DbCommand (1ms) [Parameters=[@userId='?' (DbType = Int32)], CommandType='Text', CommandTimeout='30']
      SELECT u1."Id", u1."Email", u1."FullName", u1."PasswordHash", u1."PhoneNumber", u1."Role", u1."Status", u1."Token", u0."UserId", u0."SubjectId"
      FROM (
          SELECT u."Id", u."Email", u."FullName", u."PasswordHash", u."PhoneNumber", u."Role", u."Status", u."Token"
          FROM "Users" AS u
          WHERE u."Id" = @userId AND u."Status" = 'Active'
          LIMIT 1
      ) AS u1
      LEFT JOIN "UserSubjects" AS u0 ON u1."Id" = u0."UserId"
      ORDER BY u1."Id", u0."UserId"
info: Microsoft.EntityFrameworkCore.Database.Command[20101]
      Executed DbCommand (0ms) [Parameters=[@semesterId='?' (DbType = Int32)], CommandType='Text', CommandTimeout='30']
      SELECT EXISTS (
          SELECT 1
          FROM "Semesters" AS s
          WHERE s."Id" = @semesterId)
info: Microsoft.EntityFrameworkCore.Database.Command[20101]
      Executed DbCommand (0ms) [Parameters=[@semesterId='?' (DbType = Int32)], CommandType='Text', CommandTimeout='30']
      SELECT t."Id", t."DisplayOrder", t."MonthName", t."SemesterId"
      FROM "TuitionPeriods" AS t
      WHERE t."SemesterId" = @semesterId
      ORDER BY t."DisplayOrder"
info: Microsoft.EntityFrameworkCore.Database.Command[20101]
      Executed DbCommand (0ms) [Parameters=[@p_Id='?' (DbType = Int32)], CommandType='Text', CommandTimeout='30']
      SELECT COALESCE(sum(t."AmountPaid"), 0.0)
      FROM "TuitionPayments" AS t
      WHERE t."TuitionPeriodId" = @p_Id
info: Microsoft.EntityFrameworkCore.Database.Command[20101]
      Executed DbCommand (0ms) [Parameters=[@p_Id='?' (DbType = Int32)], CommandType='Text', CommandTimeout='30']
      SELECT COALESCE(sum(t."AmountPaid"), 0.0)
      FROM "TuitionPayments" AS t
      WHERE t."TuitionPeriodId" = @p_Id
info: Microsoft.EntityFrameworkCore.Database.Command[20101]
      Executed DbCommand (0ms) [Parameters=[@p_Id='?' (DbType = Int32)], CommandType='Text', CommandTimeout='30']
      SELECT COALESCE(sum(t."AmountPaid"), 0.0)
      FROM "TuitionPayments" AS t
      WHERE t."TuitionPeriodId" = @p_Id
info: Microsoft.EntityFrameworkCore.Database.Command[20101]
      Executed DbCommand (0ms) [Parameters=[@p_Id='?' (DbType = Int32)], CommandType='Text', CommandTimeout='30']
      SELECT COALESCE(sum(t."AmountPaid"), 0.0)
      FROM "TuitionPayments" AS t
      WHERE t."TuitionPeriodId" = @p_Id
info: Microsoft.EntityFrameworkCore.Database.Command[20101]
      Executed DbCommand (0ms) [Parameters=[@p_Id='?' (DbType = Int32)], CommandType='Text', CommandTimeout='30']
      SELECT COALESCE(sum(t."AmountPaid"), 0.0)
      FROM "TuitionPayments" AS t
      WHERE t."TuitionPeriodId" = @p_Id
info: Microsoft.EntityFrameworkCore.Database.Command[20101]
      Executed DbCommand (0ms) [Parameters=[@p_Id='?' (DbType = Int32)], CommandType='Text', CommandTimeout='30']
      SELECT COALESCE(sum(t."AmountPaid"), 0.0)
      FROM "TuitionPayments" AS t
      WHERE t."TuitionPeriodId" = @p_Id
info: Microsoft.EntityFrameworkCore.Database.Command[20101]
      Executed DbCommand (0ms) [Parameters=[@p_Id='?' (DbType = Int32)], CommandType='Text', CommandTimeout='30']
      SELECT COALESCE(sum(t."AmountPaid"), 0.0)
      FROM "TuitionPayments" AS t
      WHERE t."TuitionPeriodId" = @p_Id
info: Microsoft.EntityFrameworkCore.Database.Command[20101]
      Executed DbCommand (0ms) [Parameters=[@p_Id='?' (DbType = Int32)], CommandType='Text', CommandTimeout='30']
      SELECT COALESCE(sum(t."AmountPaid"), 0.0)
      FROM "TuitionPayments" AS t
      WHERE t."TuitionPeriodId" = @p_Id
info: Microsoft.EntityFrameworkCore.Database.Command[20101]
      Executed DbCommand (0ms) [Parameters=[@p_Id='?' (DbType = Int32)], CommandType='Text', CommandTimeout='30']
      SELECT COALESCE(sum(t."AmountPaid"), 0.0)
      FROM "TuitionPayments" AS t
      WHERE t."TuitionPeriodId" = @p_Id
info: Microsoft.EntityFrameworkCore.Database.Command[20101]
      Executed DbCommand (0ms) [Parameters=[@p_Id='?' (DbType = Int32)], CommandType='Text', CommandTimeout='30']
      SELECT COALESCE(sum(t."AmountPaid"), 0.0)
      FROM "TuitionPayments" AS t
      WHERE t."TuitionPeriodId" = @p_Id
info: Microsoft.EntityFrameworkCore.Database.Command[20101]
      Executed DbCommand (1ms) [Parameters=[@p_Id='?' (DbType = Int32)], CommandType='Text', CommandTimeout='30']
      SELECT COALESCE(sum(t."AmountPaid"), 0.0)
      FROM "TuitionPayments" AS t
      WHERE t."TuitionPeriodId" = @p_Id
info: Microsoft.EntityFrameworkCore.Database.Command[20101]
      Executed DbCommand (0ms) [Parameters=[@p_Id='?' (DbType = Int32)], CommandType='Text', CommandTimeout='30']
      SELECT COALESCE(sum(t."AmountPaid"), 0.0)
      FROM "TuitionPayments" AS t
      WHERE t."TuitionPeriodId" = @p_Id
info: Microsoft.EntityFrameworkCore.Database.Command[20101]
      Executed DbCommand (0ms) [Parameters=[@p_Id='?' (DbType = Int32)], CommandType='Text', CommandTimeout='30']
      SELECT COALESCE(sum(t."AmountPaid"), 0.0)
      FROM "TuitionPayments" AS t
      WHERE t."TuitionPeriodId" = @p_Id
info: Microsoft.EntityFrameworkCore.Database.Command[20101]
      Executed DbCommand (0ms) [Parameters=[@p_Id='?' (DbType = Int32)], CommandType='Text', CommandTimeout='30']
      SELECT COALESCE(sum(t."AmountPaid"), 0.0)
      FROM "TuitionPayments" AS t
      WHERE t."TuitionPeriodId" = @p_Id
info: Microsoft.EntityFrameworkCore.Database.Command[20101]
      Executed DbCommand (0ms) [Parameters=[@p_Id='?' (DbType = Int32)], CommandType='Text', CommandTimeout='30']
      SELECT COALESCE(sum(t."AmountPaid"), 0.0)
      FROM "TuitionPayments" AS t
      WHERE t."TuitionPeriodId" = @p_Id
info: Microsoft.EntityFrameworkCore.Database.Command[20101]
      Executed DbCommand (0ms) [Parameters=[@p_Id='?' (DbType = Int32)], CommandType='Text', CommandTimeout='30']
      SELECT COALESCE(sum(t."AmountPaid"), 0.0)
      FROM "TuitionPayments" AS t
      WHERE t."TuitionPeriodId" = @p_Id
info: Microsoft.EntityFrameworkCore.Database.Command[20101]
      Executed DbCommand (0ms) [Parameters=[@p_Id='?' (DbType = Int32)], CommandType='Text', CommandTimeout='30']
      SELECT COALESCE(sum(t."AmountPaid"), 0.0)
      FROM "TuitionPayments" AS t
      WHERE t."TuitionPeriodId" = @p_Id
info: Microsoft.EntityFrameworkCore.Database.Command[20101]
      Executed DbCommand (0ms) [Parameters=[@p_Id='?' (DbType = Int32)], CommandType='Text', CommandTimeout='30']
      SELECT COALESCE(sum(t."AmountPaid"), 0.0)
      FROM "TuitionPayments" AS t
      WHERE t."TuitionPeriodId" = @p_Id
info: Microsoft.EntityFrameworkCore.Database.Command[20101]
      Executed DbCommand (0ms) [Parameters=[@p_Id='?' (DbType = Int32)], CommandType='Text', CommandTimeout='30']
      SELECT COALESCE(sum(t."AmountPaid"), 0.0)
      FROM "TuitionPayments" AS t
      WHERE t."TuitionPeriodId" = @p_Id
info: Microsoft.EntityFrameworkCore.Database.Command[20101]
      Executed DbCommand (1ms) [Parameters=[@userId='?' (DbType = Int32)], CommandType='Text', CommandTimeout='30']
      SELECT u1."Id", u1."Email", u1."FullName", u1."PasswordHash", u1."PhoneNumber", u1."Role", u1."Status", u1."Token", u0."UserId", u0."SubjectId"
      FROM (
          SELECT u."Id", u."Email", u."FullName", u."PasswordHash", u."PhoneNumber", u."Role", u."Status", u."Token"
          FROM "Users" AS u
          WHERE u."Id" = @userId AND u."Status" = 'Active'
          LIMIT 1
      ) AS u1
      LEFT JOIN "UserSubjects" AS u0 ON u1."Id" = u0."UserId"
      ORDER BY u1."Id", u0."UserId"
info: Microsoft.EntityFrameworkCore.Database.Command[20101]
      Executed DbCommand (1ms) [Parameters=[@p='?' (DbType = Int32)], CommandType='Text', CommandTimeout='30']
      SELECT s."Id", s."IsActive", s."Name"
      FROM "Semesters" AS s
      WHERE s."Id" = @p
      LIMIT 1
info: Microsoft.EntityFrameworkCore.Database.Command[20101]
      Executed DbCommand (0ms) [Parameters=[@semesterId='?' (DbType = Int32)], CommandType='Text', CommandTimeout='30']
      SELECT c."StartDate", c."EndDate"
      FROM "Classes" AS c
      WHERE c."SemesterId" = @semesterId AND c."StartDate" IS NOT NULL AND c."EndDate" IS NOT NULL
info: Microsoft.EntityFrameworkCore.Database.Command[20101]
      Executed DbCommand (1ms) [Parameters=[@semesterId='?' (DbType = Int32)], CommandType='Text', CommandTimeout='30']
      SELECT t."Id", t."DisplayOrder", t."MonthName", t."SemesterId"
      FROM "TuitionPeriods" AS t
      WHERE t."SemesterId" = @semesterId
info: Microsoft.EntityFrameworkCore.Database.Command[20101]
      Executed DbCommand (0ms) [Parameters=[@id='?' (DbType = Int32)], CommandType='Text', CommandTimeout='30']
      SELECT t."Id", t."MonthName", t."DisplayOrder"
      FROM "TuitionPeriods" AS t
      WHERE t."SemesterId" = @id
      ORDER BY t."DisplayOrder"
info: Microsoft.EntityFrameworkCore.Database.Command[20101]
      Executed DbCommand (2ms) [Parameters=[@id='?' (DbType = Int32)], CommandType='Text', CommandTimeout='30']
      SELECT s."StudentId", s."ClassId", s."StartMonth", s0."Id", s0."Email", s0."Name", s0."PhoneNumber", s0."StartMonth", c."Id", s1."Id", s1."AmountPaid", s1."ClassId", s1."Notes", s1."StudentId", s1."TuitionPeriodId", s1."Id0", s1."DisplayOrder", s1."MonthName", s1."SemesterId", c."EndDate", c."Name", c."SemesterId", c."StartDate", c."SubjectId", c."TeacherId", c."TuitionFee"
      FROM "StudentClasses" AS s
      INNER JOIN "Classes" AS c ON s."ClassId" = c."Id"
      INNER JOIN "Students" AS s0 ON s."StudentId" = s0."Id"
      LEFT JOIN (
          SELECT t."Id", t."AmountPaid", t."ClassId", t."Notes", t."StudentId", t."TuitionPeriodId", t0."Id" AS "Id0", t0."DisplayOrder", t0."MonthName", t0."SemesterId"
          FROM "TuitionPayments" AS t
          INNER JOIN "TuitionPeriods" AS t0 ON t."TuitionPeriodId" = t0."Id"
      ) AS s1 ON s0."Id" = s1."StudentId"
      WHERE c."SemesterId" = @id
      ORDER BY c."Name", s0."Name", s."StudentId", s."ClassId", c."Id", s0."Id", s1."Id"
info: Microsoft.EntityFrameworkCore.Database.Command[20101]
      Executed DbCommand (1ms) [Parameters=[@userId='?' (DbType = Int32)], CommandType='Text', CommandTimeout='30']
      SELECT u1."Id", u1."Email", u1."FullName", u1."PasswordHash", u1."PhoneNumber", u1."Role", u1."Status", u1."Token", u0."UserId", u0."SubjectId"
      FROM (
          SELECT u."Id", u."Email", u."FullName", u."PasswordHash", u."PhoneNumber", u."Role", u."Status", u."Token"
          FROM "Users" AS u
          WHERE u."Id" = @userId AND u."Status" = 'Active'
          LIMIT 1
      ) AS u1
      LEFT JOIN "UserSubjects" AS u0 ON u1."Id" = u0."UserId"
      ORDER BY u1."Id", u0."UserId"
info: Microsoft.EntityFrameworkCore.Database.Command[20101]
      Executed DbCommand (0ms) [Parameters=[@p='?' (DbType = Int32)], CommandType='Text', CommandTimeout='30']
      SELECT t."Id", t."DisplayOrder", t."MonthName", t."SemesterId"
      FROM "TuitionPeriods" AS t
      WHERE t."Id" = @p
      LIMIT 1
info: Microsoft.EntityFrameworkCore.Database.Command[20101]
      Executed DbCommand (1ms) [Parameters=[@semesterId='?' (DbType = Int32)], CommandType='Text', CommandTimeout='30']
      SELECT s."StudentId", s."ClassId", s."StartMonth", s0."Id", s0."Email", s0."Name", s0."PhoneNumber", s0."StartMonth", c."Id", c."EndDate", c."Name", c."SemesterId", c."StartDate", c."SubjectId", c."TeacherId", c."TuitionFee"
      FROM "StudentClasses" AS s
      INNER JOIN "Classes" AS c ON s."ClassId" = c."Id"
      INNER JOIN "Students" AS s0 ON s."StudentId" = s0."Id"
      WHERE c."SemesterId" = @semesterId
      ORDER BY c."Name", s0."Name"
info: Microsoft.EntityFrameworkCore.Database.Command[20101]
      Executed DbCommand (1ms) [Parameters=[@periodId='?' (DbType = Int32)], CommandType='Text', CommandTimeout='30']
      SELECT t."Id", t."AmountPaid", t."ClassId", t."Notes", t."StudentId", t."TuitionPeriodId"
      FROM "TuitionPayments" AS t
      WHERE t."TuitionPeriodId" = @periodId
info: Microsoft.EntityFrameworkCore.Database.Command[20101]
      Executed DbCommand (3ms) [Parameters=[@userId='?' (DbType = Int32)], CommandType='Text', CommandTimeout='30']
      SELECT u1."Id", u1."Email", u1."FullName", u1."PasswordHash", u1."PhoneNumber", u1."Role", u1."Status", u1."Token", u0."UserId", u0."SubjectId"
      FROM (
          SELECT u."Id", u."Email", u."FullName", u."PasswordHash", u."PhoneNumber", u."Role", u."Status", u."Token"
          FROM "Users" AS u
          WHERE u."Id" = @userId AND u."Status" = 'Active'
          LIMIT 1
      ) AS u1
      LEFT JOIN "UserSubjects" AS u0 ON u1."Id" = u0."UserId"
      ORDER BY u1."Id", u0."UserId"
info: Microsoft.EntityFrameworkCore.Database.Command[20101]
      Executed DbCommand (1ms) [Parameters=[], CommandType='Text', CommandTimeout='30']
      SELECT p."Id", p."DefaultAmount", p."IsActive", p."Name"
      FROM "PenaltyRules" AS p
      ORDER BY p."IsActive" DESC, p."Name"
info: Microsoft.EntityFrameworkCore.Database.Command[20101]
      Executed DbCommand (1ms) [Parameters=[@userId='?' (DbType = Int32)], CommandType='Text', CommandTimeout='30']
      SELECT u1."Id", u1."Email", u1."FullName", u1."PasswordHash", u1."PhoneNumber", u1."Role", u1."Status", u1."Token", u0."UserId", u0."SubjectId"
      FROM (
          SELECT u."Id", u."Email", u."FullName", u."PasswordHash", u."PhoneNumber", u."Role", u."Status", u."Token"
          FROM "Users" AS u
          WHERE u."Id" = @userId AND u."Status" = 'Active'
          LIMIT 1
      ) AS u1
      LEFT JOIN "UserSubjects" AS u0 ON u1."Id" = u0."UserId"
      ORDER BY u1."Id", u0."UserId"
info: Microsoft.EntityFrameworkCore.Database.Command[20101]
      Executed DbCommand (2ms) [Parameters=[@userId='?' (DbType = Int32)], CommandType='Text', CommandTimeout='30']
      SELECT u1."Id", u1."Email", u1."FullName", u1."PasswordHash", u1."PhoneNumber", u1."Role", u1."Status", u1."Token", u0."UserId", u0."SubjectId"
      FROM (
          SELECT u."Id", u."Email", u."FullName", u."PasswordHash", u."PhoneNumber", u."Role", u."Status", u."Token"
          FROM "Users" AS u
          WHERE u."Id" = @userId AND u."Status" = 'Active'
          LIMIT 1
      ) AS u1
      LEFT JOIN "UserSubjects" AS u0 ON u1."Id" = u0."UserId"
      ORDER BY u1."Id", u0."UserId"
info: Microsoft.EntityFrameworkCore.Database.Command[20101]
      Executed DbCommand (2ms) [Parameters=[@semesterId_Value='?' (DbType = Int32)], CommandType='Text', CommandTimeout='30']
      SELECT c."Id", c."EndDate", c."Name", c."SemesterId", c."StartDate", c."SubjectId", c."TeacherId", c."TuitionFee", c0."Id", c0."ClassId", c0."DayOfWeek", c0."TimeSlot"
      FROM "Classes" AS c
      LEFT JOIN "ClassSchedules" AS c0 ON c."Id" = c0."ClassId"
      WHERE c."SemesterId" = @semesterId_Value
      ORDER BY c."Name", c."Id"
info: Microsoft.EntityFrameworkCore.Database.Command[20101]
      Executed DbCommand (7ms) [Parameters=[@semesterId='?' (DbType = Int32)], CommandType='Text', CommandTimeout='30']
      SELECT s."Id", s."Amount", s."Date" AS date, s0."Name" AS "studentName", c."Name" AS "className", p."Name" AS "ruleName", s."Note"
      FROM "StudentPenalties" AS s
      INNER JOIN "Classes" AS c ON s."ClassId" = c."Id"
      INNER JOIN "Students" AS s0 ON s."StudentId" = s0."Id"
      INNER JOIN "PenaltyRules" AS p ON s."PenaltyRuleId" = p."Id"
      WHERE c."SemesterId" = @semesterId
      ORDER BY s."Date" DESC
info: Microsoft.EntityFrameworkCore.Database.Command[20101]
      Executed DbCommand (2ms) [Parameters=[@userId='?' (DbType = Int32)], CommandType='Text', CommandTimeout='30']
      SELECT u1."Id", u1."Email", u1."FullName", u1."PasswordHash", u1."PhoneNumber", u1."Role", u1."Status", u1."Token", u0."UserId", u0."SubjectId"
      FROM (
          SELECT u."Id", u."Email", u."FullName", u."PasswordHash", u."PhoneNumber", u."Role", u."Status", u."Token"
          FROM "Users" AS u
          WHERE u."Id" = @userId AND u."Status" = 'Active'
          LIMIT 1
      ) AS u1
      LEFT JOIN "UserSubjects" AS u0 ON u1."Id" = u0."UserId"
      ORDER BY u1."Id", u0."UserId"
info: Microsoft.EntityFrameworkCore.Database.Command[20101]
      Executed DbCommand (2ms) [Parameters=[@classId_Value='?' (DbType = Int32)], CommandType='Text', CommandTimeout='30']
      SELECT s."Id", s."Email", s."Name", s."PhoneNumber", s."StartMonth", s3."StudentId", s3."ClassId", s3."StartMonth", s3."Id", s3."EndDate", s3."Name", s3."SemesterId", s3."StartDate", s3."SubjectId", s3."TeacherId", s3."TuitionFee", s4."StudentId", s4."RewardOptionId", s4."Id", s4."Name"
      FROM "Students" AS s
      LEFT JOIN (
          SELECT s1."StudentId", s1."ClassId", s1."StartMonth", c."Id", c."EndDate", c."Name", c."SemesterId", c."StartDate", c."SubjectId", c."TeacherId", c."TuitionFee"
          FROM "StudentClasses" AS s1
          INNER JOIN "Classes" AS c ON s1."ClassId" = c."Id"
      ) AS s3 ON s."Id" = s3."StudentId"
      LEFT JOIN (
          SELECT s2."StudentId", s2."RewardOptionId", r."Id", r."Name"
          FROM "StudentRewards" AS s2
          INNER JOIN "RewardOptions" AS r ON s2."RewardOptionId" = r."Id"
      ) AS s4 ON s."Id" = s4."StudentId"
      WHERE EXISTS (
          SELECT 1
          FROM "StudentClasses" AS s0
          WHERE s."Id" = s0."StudentId" AND s0."ClassId" = @classId_Value)
      ORDER BY s."Name", s."Id", s3."StudentId", s3."ClassId", s3."Id", s4."StudentId", s4."RewardOptionId"
info: Microsoft.EntityFrameworkCore.Database.Command[20101]
      Executed DbCommand (2ms) [Parameters=[@userId='?' (DbType = Int32)], CommandType='Text', CommandTimeout='30']
      SELECT u1."Id", u1."Email", u1."FullName", u1."PasswordHash", u1."PhoneNumber", u1."Role", u1."Status", u1."Token", u0."UserId", u0."SubjectId"
      FROM (
          SELECT u."Id", u."Email", u."FullName", u."PasswordHash", u."PhoneNumber", u."Role", u."Status", u."Token"
          FROM "Users" AS u
          WHERE u."Id" = @userId AND u."Status" = 'Active'
          LIMIT 1
      ) AS u1
      LEFT JOIN "UserSubjects" AS u0 ON u1."Id" = u0."UserId"
      ORDER BY u1."Id", u0."UserId"
info: Microsoft.EntityFrameworkCore.Database.Command[20101]
      Executed DbCommand (2ms) [Parameters=[@classId_Value='?' (DbType = Int32), @parsedDate='?' (DbType = DateTime), @nextDate='?' (DbType = DateTime)], CommandType='Text', CommandTimeout='30']
      SELECT s."Id", s."StudentId", s0."Name", s."ClassId", c."Name", s."PenaltyRuleId", p."Name", s."Date", s."Amount", s."Note"
      FROM "StudentPenalties" AS s
      INNER JOIN "Students" AS s0 ON s."StudentId" = s0."Id"
      INNER JOIN "Classes" AS c ON s."ClassId" = c."Id"
      INNER JOIN "PenaltyRules" AS p ON s."PenaltyRuleId" = p."Id"
      WHERE s."ClassId" = @classId_Value AND s."Date" >= @parsedDate AND s."Date" < @nextDate
      ORDER BY s."Date" DESC, s0."Name"
info: Microsoft.EntityFrameworkCore.Database.Command[20101]
      Executed DbCommand (1ms) [Parameters=[@userId='?' (DbType = Int32)], CommandType='Text', CommandTimeout='30']
      SELECT u1."Id", u1."Email", u1."FullName", u1."PasswordHash", u1."PhoneNumber", u1."Role", u1."Status", u1."Token", u0."UserId", u0."SubjectId"
      FROM (
          SELECT u."Id", u."Email", u."FullName", u."PasswordHash", u."PhoneNumber", u."Role", u."Status", u."Token"
          FROM "Users" AS u
          WHERE u."Id" = @userId AND u."Status" = 'Active'
          LIMIT 1
      ) AS u1
      LEFT JOIN "UserSubjects" AS u0 ON u1."Id" = u0."UserId"
      ORDER BY u1."Id", u0."UserId"
info: Microsoft.EntityFrameworkCore.Database.Command[20101]
      Executed DbCommand (1ms) [Parameters=[@userId='?' (DbType = Int32)], CommandType='Text', CommandTimeout='30']
      SELECT u1."Id", u1."Email", u1."FullName", u1."PasswordHash", u1."PhoneNumber", u1."Role", u1."Status", u1."Token", u0."UserId", u0."SubjectId"
      FROM (
          SELECT u."Id", u."Email", u."FullName", u."PasswordHash", u."PhoneNumber", u."Role", u."Status", u."Token"
          FROM "Users" AS u
          WHERE u."Id" = @userId AND u."Status" = 'Active'
          LIMIT 1
      ) AS u1
      LEFT JOIN "UserSubjects" AS u0 ON u1."Id" = u0."UserId"
      ORDER BY u1."Id", u0."UserId"
info: Microsoft.EntityFrameworkCore.Database.Command[20101]
      Executed DbCommand (1ms) [Parameters=[@p='?' (DbType = Int32)], CommandType='Text', CommandTimeout='30']
      SELECT s."Id", s."IsActive", s."Name"
      FROM "Semesters" AS s
      WHERE s."Id" = @p
      LIMIT 1
info: Microsoft.EntityFrameworkCore.Database.Command[20101]
      Executed DbCommand (2ms) [Parameters=[@semesterId_Value='?' (DbType = Int32)], CommandType='Text', CommandTimeout='30']
      SELECT c."Id", c."EndDate", c."Name", c."SemesterId", c."StartDate", c."SubjectId", c."TeacherId", c."TuitionFee", c0."Id", c0."ClassId", c0."DayOfWeek", c0."TimeSlot"
      FROM "Classes" AS c
      LEFT JOIN "ClassSchedules" AS c0 ON c."Id" = c0."ClassId"
      WHERE c."SemesterId" = @semesterId_Value
      ORDER BY c."Name", c."Id"
info: Microsoft.EntityFrameworkCore.Database.Command[20101]
      Executed DbCommand (1ms) [Parameters=[@semesterId='?' (DbType = Int32)], CommandType='Text', CommandTimeout='30']
      SELECT c."StartDate", c."EndDate"
      FROM "Classes" AS c
      WHERE c."SemesterId" = @semesterId AND c."StartDate" IS NOT NULL AND c."EndDate" IS NOT NULL
info: Microsoft.EntityFrameworkCore.Database.Command[20101]
      Executed DbCommand (0ms) [Parameters=[@semesterId='?' (DbType = Int32)], CommandType='Text', CommandTimeout='30']
      SELECT t."Id", t."DisplayOrder", t."MonthName", t."SemesterId"
      FROM "TuitionPeriods" AS t
      WHERE t."SemesterId" = @semesterId
info: Microsoft.EntityFrameworkCore.Database.Command[20101]
      Executed DbCommand (0ms) [Parameters=[@id='?' (DbType = Int32)], CommandType='Text', CommandTimeout='30']
      SELECT t."Id", t."MonthName", t."DisplayOrder"
      FROM "TuitionPeriods" AS t
      WHERE t."SemesterId" = @id
      ORDER BY t."DisplayOrder"
info: Microsoft.EntityFrameworkCore.Database.Command[20101]
      Executed DbCommand (7ms) [Parameters=[@id='?' (DbType = Int32)], CommandType='Text', CommandTimeout='30']
      SELECT s."StudentId", s."ClassId", s."StartMonth", s0."Id", s0."Email", s0."Name", s0."PhoneNumber", s0."StartMonth", c."Id", s1."Id", s1."AmountPaid", s1."ClassId", s1."Notes", s1."StudentId", s1."TuitionPeriodId", s1."Id0", s1."DisplayOrder", s1."MonthName", s1."SemesterId", c."EndDate", c."Name", c."SemesterId", c."StartDate", c."SubjectId", c."TeacherId", c."TuitionFee"
      FROM "StudentClasses" AS s
      INNER JOIN "Classes" AS c ON s."ClassId" = c."Id"
      INNER JOIN "Students" AS s0 ON s."StudentId" = s0."Id"
      LEFT JOIN (
          SELECT t."Id", t."AmountPaid", t."ClassId", t."Notes", t."StudentId", t."TuitionPeriodId", t0."Id" AS "Id0", t0."DisplayOrder", t0."MonthName", t0."SemesterId"
          FROM "TuitionPayments" AS t
          INNER JOIN "TuitionPeriods" AS t0 ON t."TuitionPeriodId" = t0."Id"
      ) AS s1 ON s0."Id" = s1."StudentId"
      WHERE c."SemesterId" = @id
      ORDER BY c."Name", s0."Name", s."StudentId", s."ClassId", c."Id", s0."Id", s1."Id"
info: Microsoft.EntityFrameworkCore.Database.Command[20101]
      Executed DbCommand (2ms) [Parameters=[@userId='?' (DbType = Int32)], CommandType='Text', CommandTimeout='30']
      SELECT u1."Id", u1."Email", u1."FullName", u1."PasswordHash", u1."PhoneNumber", u1."Role", u1."Status", u1."Token", u0."UserId", u0."SubjectId"
      FROM (
          SELECT u."Id", u."Email", u."FullName", u."PasswordHash", u."PhoneNumber", u."Role", u."Status", u."Token"
          FROM "Users" AS u
          WHERE u."Id" = @userId AND u."Status" = 'Active'
          LIMIT 1
      ) AS u1
      LEFT JOIN "UserSubjects" AS u0 ON u1."Id" = u0."UserId"
      ORDER BY u1."Id", u0."UserId"
info: Microsoft.EntityFrameworkCore.Database.Command[20101]
      Executed DbCommand (3ms) [Parameters=[@user_Role='?'], CommandType='Text', CommandTimeout='30']
      SELECT s."Id", s."IsAllowed", s."Role", s."ScreenKey"
      FROM "ScreenPermissions" AS s
      WHERE s."Role" = @user_Role
info: Microsoft.EntityFrameworkCore.Database.Command[20101]
      Executed DbCommand (2ms) [Parameters=[@userId='?' (DbType = Int32)], CommandType='Text', CommandTimeout='30']
      SELECT u1."Id", u1."Email", u1."FullName", u1."PasswordHash", u1."PhoneNumber", u1."Role", u1."Status", u1."Token", u0."UserId", u0."SubjectId"
      FROM (
          SELECT u."Id", u."Email", u."FullName", u."PasswordHash", u."PhoneNumber", u."Role", u."Status", u."Token"
          FROM "Users" AS u
          WHERE u."Id" = @userId AND u."Status" = 'Active'
          LIMIT 1
      ) AS u1
      LEFT JOIN "UserSubjects" AS u0 ON u1."Id" = u0."UserId"
      ORDER BY u1."Id", u0."UserId"
info: Microsoft.EntityFrameworkCore.Database.Command[20101]
      Executed DbCommand (0ms) [Parameters=[], CommandType='Text', CommandTimeout='30']
      SELECT s."Id", s."IsActive", s."Name"
      FROM "Semesters" AS s
      ORDER BY s."Id"
info: Microsoft.EntityFrameworkCore.Database.Command[20101]
      Executed DbCommand (1ms) [Parameters=[@userId='?' (DbType = Int32)], CommandType='Text', CommandTimeout='30']
      SELECT u1."Id", u1."Email", u1."FullName", u1."PasswordHash", u1."PhoneNumber", u1."Role", u1."Status", u1."Token", u0."UserId", u0."SubjectId"
      FROM (
          SELECT u."Id", u."Email", u."FullName", u."PasswordHash", u."PhoneNumber", u."Role", u."Status", u."Token"
          FROM "Users" AS u
          WHERE u."Id" = @userId AND u."Status" = 'Active'
          LIMIT 1
      ) AS u1
      LEFT JOIN "UserSubjects" AS u0 ON u1."Id" = u0."UserId"
      ORDER BY u1."Id", u0."UserId"
info: Microsoft.EntityFrameworkCore.Database.Command[20101]
      Executed DbCommand (0ms) [Parameters=[], CommandType='Text', CommandTimeout='30']
      SELECT s."Id", s."IsActive", s."Name"
      FROM "Semesters" AS s
      ORDER BY s."Id"
info: Microsoft.EntityFrameworkCore.Database.Command[20101]
      Executed DbCommand (1ms) [Parameters=[@userId='?' (DbType = Int32)], CommandType='Text', CommandTimeout='30']
      SELECT u1."Id", u1."Email", u1."FullName", u1."PasswordHash", u1."PhoneNumber", u1."Role", u1."Status", u1."Token", u0."UserId", u0."SubjectId"
      FROM (
          SELECT u."Id", u."Email", u."FullName", u."PasswordHash", u."PhoneNumber", u."Role", u."Status", u."Token"
          FROM "Users" AS u
          WHERE u."Id" = @userId AND u."Status" = 'Active'
          LIMIT 1
      ) AS u1
      LEFT JOIN "UserSubjects" AS u0 ON u1."Id" = u0."UserId"
      ORDER BY u1."Id", u0."UserId"
info: Microsoft.EntityFrameworkCore.Database.Command[20101]
      Executed DbCommand (0ms) [Parameters=[@userId='?' (DbType = Int32)], CommandType='Text', CommandTimeout='30']
      SELECT u1."Id", u1."Email", u1."FullName", u1."PasswordHash", u1."PhoneNumber", u1."Role", u1."Status", u1."Token", u0."UserId", u0."SubjectId"
      FROM (
          SELECT u."Id", u."Email", u."FullName", u."PasswordHash", u."PhoneNumber", u."Role", u."Status", u."Token"
          FROM "Users" AS u
          WHERE u."Id" = @userId AND u."Status" = 'Active'
          LIMIT 1
      ) AS u1
      LEFT JOIN "UserSubjects" AS u0 ON u1."Id" = u0."UserId"
      ORDER BY u1."Id", u0."UserId"
info: Microsoft.EntityFrameworkCore.Database.Command[20101]
      Executed DbCommand (1ms) [Parameters=[@userId='?' (DbType = Int32)], CommandType='Text', CommandTimeout='30']
      SELECT u1."Id", u1."Email", u1."FullName", u1."PasswordHash", u1."PhoneNumber", u1."Role", u1."Status", u1."Token", u0."UserId", u0."SubjectId"
      FROM (
          SELECT u."Id", u."Email", u."FullName", u."PasswordHash", u."PhoneNumber", u."Role", u."Status", u."Token"
          FROM "Users" AS u
          WHERE u."Id" = @userId AND u."Status" = 'Active'
          LIMIT 1
      ) AS u1
      LEFT JOIN "UserSubjects" AS u0 ON u1."Id" = u0."UserId"
      ORDER BY u1."Id", u0."UserId"
info: Microsoft.EntityFrameworkCore.Database.Command[20101]
      Executed DbCommand (0ms) [Parameters=[], CommandType='Text', CommandTimeout='30']
      SELECT r."Id", r."Name"
      FROM "RewardOptions" AS r
      ORDER BY r."Name"
info: Microsoft.EntityFrameworkCore.Database.Command[20101]
      Executed DbCommand (2ms) [Parameters=[@semesterId_Value='?' (DbType = Int32)], CommandType='Text', CommandTimeout='30']
      SELECT c."Id", c."EndDate", c."Name", c."SemesterId", c."StartDate", c."SubjectId", c."TeacherId", c."TuitionFee", c0."Id", c0."ClassId", c0."DayOfWeek", c0."TimeSlot"
      FROM "Classes" AS c
      LEFT JOIN "ClassSchedules" AS c0 ON c."Id" = c0."ClassId"
      WHERE c."SemesterId" = @semesterId_Value
      ORDER BY c."Name", c."Id"
info: Microsoft.EntityFrameworkCore.Database.Command[20101]
      Executed DbCommand (3ms) [Parameters=[@semesterId_Value='?' (DbType = Int32)], CommandType='Text', CommandTimeout='30']
      SELECT s."Id", s."Email", s."Name", s."PhoneNumber", s."StartMonth", s3."StudentId", s3."ClassId", s3."StartMonth", s3."Id", s3."EndDate", s3."Name", s3."SemesterId", s3."StartDate", s3."SubjectId", s3."TeacherId", s3."TuitionFee", s4."StudentId", s4."RewardOptionId", s4."Id", s4."Name"
      FROM "Students" AS s
      LEFT JOIN (
          SELECT s1."StudentId", s1."ClassId", s1."StartMonth", c0."Id", c0."EndDate", c0."Name", c0."SemesterId", c0."StartDate", c0."SubjectId", c0."TeacherId", c0."TuitionFee"
          FROM "StudentClasses" AS s1
          INNER JOIN "Classes" AS c0 ON s1."ClassId" = c0."Id"
      ) AS s3 ON s."Id" = s3."StudentId"
      LEFT JOIN (
          SELECT s2."StudentId", s2."RewardOptionId", r."Id", r."Name"
          FROM "StudentRewards" AS s2
          INNER JOIN "RewardOptions" AS r ON s2."RewardOptionId" = r."Id"
      ) AS s4 ON s."Id" = s4."StudentId"
      WHERE EXISTS (
          SELECT 1
          FROM "StudentClasses" AS s0
          INNER JOIN "Classes" AS c ON s0."ClassId" = c."Id"
          WHERE s."Id" = s0."StudentId" AND c."SemesterId" = @semesterId_Value)
      ORDER BY s."Name", s."Id", s3."StudentId", s3."ClassId", s3."Id", s4."StudentId", s4."RewardOptionId"
info: Microsoft.EntityFrameworkCore.Database.Command[20101]
      Executed DbCommand (1ms) [Parameters=[@userId='?' (DbType = Int32)], CommandType='Text', CommandTimeout='30']
      SELECT u1."Id", u1."Email", u1."FullName", u1."PasswordHash", u1."PhoneNumber", u1."Role", u1."Status", u1."Token", u0."UserId", u0."SubjectId"
      FROM (
          SELECT u."Id", u."Email", u."FullName", u."PasswordHash", u."PhoneNumber", u."Role", u."Status", u."Token"
          FROM "Users" AS u
          WHERE u."Id" = @userId AND u."Status" = 'Active'
          LIMIT 1
      ) AS u1
      LEFT JOIN "UserSubjects" AS u0 ON u1."Id" = u0."UserId"
      ORDER BY u1."Id", u0."UserId"
info: Microsoft.EntityFrameworkCore.Database.Command[20101]
      Executed DbCommand (1ms) [Parameters=[@user_Role='?'], CommandType='Text', CommandTimeout='30']
      SELECT s."Id", s."IsAllowed", s."Role", s."ScreenKey"
      FROM "ScreenPermissions" AS s
      WHERE s."Role" = @user_Role
info: Microsoft.EntityFrameworkCore.Database.Command[20101]
      Executed DbCommand (1ms) [Parameters=[@userId='?' (DbType = Int32)], CommandType='Text', CommandTimeout='30']
      SELECT u1."Id", u1."Email", u1."FullName", u1."PasswordHash", u1."PhoneNumber", u1."Role", u1."Status", u1."Token", u0."UserId", u0."SubjectId"
      FROM (
          SELECT u."Id", u."Email", u."FullName", u."PasswordHash", u."PhoneNumber", u."Role", u."Status", u."Token"
          FROM "Users" AS u
          WHERE u."Id" = @userId AND u."Status" = 'Active'
          LIMIT 1
      ) AS u1
      LEFT JOIN "UserSubjects" AS u0 ON u1."Id" = u0."UserId"
      ORDER BY u1."Id", u0."UserId"
info: Microsoft.EntityFrameworkCore.Database.Command[20101]
      Executed DbCommand (0ms) [Parameters=[], CommandType='Text', CommandTimeout='30']
      SELECT s."Id", s."IsActive", s."Name"
      FROM "Semesters" AS s
      ORDER BY s."Id"
info: Microsoft.EntityFrameworkCore.Database.Command[20101]
      Executed DbCommand (13ms) [Parameters=[@userId='?' (DbType = Int32)], CommandType='Text', CommandTimeout='30']
      SELECT u1."Id", u1."Email", u1."FullName", u1."PasswordHash", u1."PhoneNumber", u1."Role", u1."Status", u1."Token", u0."UserId", u0."SubjectId"
      FROM (
          SELECT u."Id", u."Email", u."FullName", u."PasswordHash", u."PhoneNumber", u."Role", u."Status", u."Token"
          FROM "Users" AS u
          WHERE u."Id" = @userId AND u."Status" = 'Active'
          LIMIT 1
      ) AS u1
      LEFT JOIN "UserSubjects" AS u0 ON u1."Id" = u0."UserId"
      ORDER BY u1."Id", u0."UserId"
info: Microsoft.EntityFrameworkCore.Database.Command[20101]
      Executed DbCommand (1ms) [Parameters=[@user_Role='?'], CommandType='Text', CommandTimeout='30']
      SELECT s."Id", s."IsAllowed", s."Role", s."ScreenKey"
      FROM "ScreenPermissions" AS s
      WHERE s."Role" = @user_Role
info: Microsoft.EntityFrameworkCore.Database.Command[20101]
      Executed DbCommand (0ms) [Parameters=[@userId='?' (DbType = Int32)], CommandType='Text', CommandTimeout='30']
      SELECT u1."Id", u1."Email", u1."FullName", u1."PasswordHash", u1."PhoneNumber", u1."Role", u1."Status", u1."Token", u0."UserId", u0."SubjectId"
      FROM (
          SELECT u."Id", u."Email", u."FullName", u."PasswordHash", u."PhoneNumber", u."Role", u."Status", u."Token"
          FROM "Users" AS u
          WHERE u."Id" = @userId AND u."Status" = 'Active'
          LIMIT 1
      ) AS u1
      LEFT JOIN "UserSubjects" AS u0 ON u1."Id" = u0."UserId"
      ORDER BY u1."Id", u0."UserId"
info: Microsoft.EntityFrameworkCore.Database.Command[20101]
      Executed DbCommand (0ms) [Parameters=[], CommandType='Text', CommandTimeout='30']
      SELECT s."Id", s."IsActive", s."Name"
      FROM "Semesters" AS s
      ORDER BY s."Id"
info: Microsoft.EntityFrameworkCore.Database.Command[20101]
      Executed DbCommand (0ms) [Parameters=[@userId='?' (DbType = Int32)], CommandType='Text', CommandTimeout='30']
      SELECT u1."Id", u1."Email", u1."FullName", u1."PasswordHash", u1."PhoneNumber", u1."Role", u1."Status", u1."Token", u0."UserId", u0."SubjectId"
      FROM (
          SELECT u."Id", u."Email", u."FullName", u."PasswordHash", u."PhoneNumber", u."Role", u."Status", u."Token"
          FROM "Users" AS u
          WHERE u."Id" = @userId AND u."Status" = 'Active'
          LIMIT 1
      ) AS u1
      LEFT JOIN "UserSubjects" AS u0 ON u1."Id" = u0."UserId"
      ORDER BY u1."Id", u0."UserId"
info: Microsoft.EntityFrameworkCore.Database.Command[20101]
      Executed DbCommand (1ms) [Parameters=[@semesterId_Value='?' (DbType = Int32)], CommandType='Text', CommandTimeout='30']
      SELECT c."Id", c."EndDate", c."Name", c."SemesterId", c."StartDate", c."SubjectId", c."TeacherId", c."TuitionFee", c0."Id", c0."ClassId", c0."DayOfWeek", c0."TimeSlot"
      FROM "Classes" AS c
      LEFT JOIN "ClassSchedules" AS c0 ON c."Id" = c0."ClassId"
      WHERE c."SemesterId" = @semesterId_Value
      ORDER BY c."Name", c."Id"
info: Microsoft.EntityFrameworkCore.Database.Command[20101]
      Executed DbCommand (1ms) [Parameters=[@userId='?' (DbType = Int32)], CommandType='Text', CommandTimeout='30']
      SELECT u1."Id", u1."Email", u1."FullName", u1."PasswordHash", u1."PhoneNumber", u1."Role", u1."Status", u1."Token", u0."UserId", u0."SubjectId"
      FROM (
          SELECT u."Id", u."Email", u."FullName", u."PasswordHash", u."PhoneNumber", u."Role", u."Status", u."Token"
          FROM "Users" AS u
          WHERE u."Id" = @userId AND u."Status" = 'Active'
          LIMIT 1
      ) AS u1
      LEFT JOIN "UserSubjects" AS u0 ON u1."Id" = u0."UserId"
      ORDER BY u1."Id", u0."UserId"
info: Microsoft.EntityFrameworkCore.Database.Command[20101]
      Executed DbCommand (0ms) [Parameters=[@p='?' (DbType = Int32)], CommandType='Text', CommandTimeout='30']
      SELECT s."Id", s."IsActive", s."Name"
      FROM "Semesters" AS s
      WHERE s."Id" = @p
      LIMIT 1
info: Microsoft.EntityFrameworkCore.Database.Command[20101]
      Executed DbCommand (0ms) [Parameters=[@semesterId='?' (DbType = Int32)], CommandType='Text', CommandTimeout='30']
      SELECT c."StartDate", c."EndDate"
      FROM "Classes" AS c
      WHERE c."SemesterId" = @semesterId AND c."StartDate" IS NOT NULL AND c."EndDate" IS NOT NULL
info: Microsoft.EntityFrameworkCore.Database.Command[20101]
      Executed DbCommand (0ms) [Parameters=[@semesterId='?' (DbType = Int32)], CommandType='Text', CommandTimeout='30']
      SELECT t."Id", t."DisplayOrder", t."MonthName", t."SemesterId"
      FROM "TuitionPeriods" AS t
      WHERE t."SemesterId" = @semesterId
info: Microsoft.EntityFrameworkCore.Database.Command[20101]
      Executed DbCommand (1ms) [Parameters=[@id='?' (DbType = Int32)], CommandType='Text', CommandTimeout='30']
      SELECT t."Id", t."MonthName", t."DisplayOrder"
      FROM "TuitionPeriods" AS t
      WHERE t."SemesterId" = @id
      ORDER BY t."DisplayOrder"
info: Microsoft.EntityFrameworkCore.Database.Command[20101]
      Executed DbCommand (2ms) [Parameters=[@id='?' (DbType = Int32)], CommandType='Text', CommandTimeout='30']
      SELECT s."StudentId", s."ClassId", s."StartMonth", s0."Id", s0."Email", s0."Name", s0."PhoneNumber", s0."StartMonth", c."Id", s1."Id", s1."AmountPaid", s1."ClassId", s1."Notes", s1."StudentId", s1."TuitionPeriodId", s1."Id0", s1."DisplayOrder", s1."MonthName", s1."SemesterId", c."EndDate", c."Name", c."SemesterId", c."StartDate", c."SubjectId", c."TeacherId", c."TuitionFee"
      FROM "StudentClasses" AS s
      INNER JOIN "Classes" AS c ON s."ClassId" = c."Id"
      INNER JOIN "Students" AS s0 ON s."StudentId" = s0."Id"
      LEFT JOIN (
          SELECT t."Id", t."AmountPaid", t."ClassId", t."Notes", t."StudentId", t."TuitionPeriodId", t0."Id" AS "Id0", t0."DisplayOrder", t0."MonthName", t0."SemesterId"
          FROM "TuitionPayments" AS t
          INNER JOIN "TuitionPeriods" AS t0 ON t."TuitionPeriodId" = t0."Id"
      ) AS s1 ON s0."Id" = s1."StudentId"
      WHERE c."SemesterId" = @id
      ORDER BY c."Name", s0."Name", s."StudentId", s."ClassId", c."Id", s0."Id", s1."Id"
info: Microsoft.EntityFrameworkCore.Database.Command[20101]
      Executed DbCommand (0ms) [Parameters=[@userId='?' (DbType = Int32)], CommandType='Text', CommandTimeout='30']
      SELECT u1."Id", u1."Email", u1."FullName", u1."PasswordHash", u1."PhoneNumber", u1."Role", u1."Status", u1."Token", u0."UserId", u0."SubjectId"
      FROM (
          SELECT u."Id", u."Email", u."FullName", u."PasswordHash", u."PhoneNumber", u."Role", u."Status", u."Token"
          FROM "Users" AS u
          WHERE u."Id" = @userId AND u."Status" = 'Active'
          LIMIT 1
      ) AS u1
      LEFT JOIN "UserSubjects" AS u0 ON u1."Id" = u0."UserId"
      ORDER BY u1."Id", u0."UserId"
info: Microsoft.EntityFrameworkCore.Database.Command[20101]
      Executed DbCommand (0ms) [Parameters=[], CommandType='Text', CommandTimeout='30']
      SELECT s."Id", s."IsActive", s."Name"
      FROM "Semesters" AS s
      ORDER BY s."Id"
info: Microsoft.EntityFrameworkCore.Database.Command[20101]
      Executed DbCommand (1ms) [Parameters=[@userId='?' (DbType = Int32)], CommandType='Text', CommandTimeout='30']
      SELECT u1."Id", u1."Email", u1."FullName", u1."PasswordHash", u1."PhoneNumber", u1."Role", u1."Status", u1."Token", u0."UserId", u0."SubjectId"
      FROM (
          SELECT u."Id", u."Email", u."FullName", u."PasswordHash", u."PhoneNumber", u."Role", u."Status", u."Token"
          FROM "Users" AS u
          WHERE u."Id" = @userId AND u."Status" = 'Active'
          LIMIT 1
      ) AS u1
      LEFT JOIN "UserSubjects" AS u0 ON u1."Id" = u0."UserId"
      ORDER BY u1."Id", u0."UserId"
info: Microsoft.EntityFrameworkCore.Database.Command[20101]
      Executed DbCommand (1ms) [Parameters=[@semesterId_Value='?' (DbType = Int32)], CommandType='Text', CommandTimeout='30']
      SELECT c."Id", c."EndDate", c."Name", c."SemesterId", c."StartDate", c."SubjectId", c."TeacherId", c."TuitionFee", c0."Id", c0."ClassId", c0."DayOfWeek", c0."TimeSlot"
      FROM "Classes" AS c
      LEFT JOIN "ClassSchedules" AS c0 ON c."Id" = c0."ClassId"
      WHERE c."SemesterId" = @semesterId_Value
      ORDER BY c."Name", c."Id"
info: Microsoft.EntityFrameworkCore.Database.Command[20101]
      Executed DbCommand (1ms) [Parameters=[@userId='?' (DbType = Int32)], CommandType='Text', CommandTimeout='30']
      SELECT u1."Id", u1."Email", u1."FullName", u1."PasswordHash", u1."PhoneNumber", u1."Role", u1."Status", u1."Token", u0."UserId", u0."SubjectId"
      FROM (
          SELECT u."Id", u."Email", u."FullName", u."PasswordHash", u."PhoneNumber", u."Role", u."Status", u."Token"
          FROM "Users" AS u
          WHERE u."Id" = @userId AND u."Status" = 'Active'
          LIMIT 1
      ) AS u1
      LEFT JOIN "UserSubjects" AS u0 ON u1."Id" = u0."UserId"
      ORDER BY u1."Id", u0."UserId"
info: Microsoft.EntityFrameworkCore.Database.Command[20101]
      Executed DbCommand (0ms) [Parameters=[], CommandType='Text', CommandTimeout='30']
      SELECT s."Id", s."IsActive", s."Name"
      FROM "Semesters" AS s
      ORDER BY s."Id"
info: Microsoft.EntityFrameworkCore.Database.Command[20101]
      Executed DbCommand (1ms) [Parameters=[@userId='?' (DbType = Int32)], CommandType='Text', CommandTimeout='30']
      SELECT u1."Id", u1."Email", u1."FullName", u1."PasswordHash", u1."PhoneNumber", u1."Role", u1."Status", u1."Token", u0."UserId", u0."SubjectId"
      FROM (
          SELECT u."Id", u."Email", u."FullName", u."PasswordHash", u."PhoneNumber", u."Role", u."Status", u."Token"
          FROM "Users" AS u
          WHERE u."Id" = @userId AND u."Status" = 'Active'
          LIMIT 1
      ) AS u1
      LEFT JOIN "UserSubjects" AS u0 ON u1."Id" = u0."UserId"
      ORDER BY u1."Id", u0."UserId"
info: Microsoft.EntityFrameworkCore.Database.Command[20101]
      Executed DbCommand (2ms) [Parameters=[@classId='?' (DbType = Int32), @parsedDate='?' (DbType = DateTime), @nextDate='?' (DbType = DateTime)], CommandType='Text', CommandTimeout='30']
      SELECT a."Id", a."ClassId", a."Date", a."Note", a."Status", a."StudentId", s."Id", s."Email", s."Name", s."PhoneNumber", s."StartMonth"
      FROM "Attendances" AS a
      INNER JOIN "Students" AS s ON a."StudentId" = s."Id"
      WHERE a."ClassId" = @classId AND a."Date" >= @parsedDate AND a."Date" < @nextDate
info: Microsoft.EntityFrameworkCore.Database.Command[20101]
      Executed DbCommand (1ms) [Parameters=[@userId='?' (DbType = Int32)], CommandType='Text', CommandTimeout='30']
      SELECT u1."Id", u1."Email", u1."FullName", u1."PasswordHash", u1."PhoneNumber", u1."Role", u1."Status", u1."Token", u0."UserId", u0."SubjectId"
      FROM (
          SELECT u."Id", u."Email", u."FullName", u."PasswordHash", u."PhoneNumber", u."Role", u."Status", u."Token"
          FROM "Users" AS u
          WHERE u."Id" = @userId AND u."Status" = 'Active'
          LIMIT 1
      ) AS u1
      LEFT JOIN "UserSubjects" AS u0 ON u1."Id" = u0."UserId"
      ORDER BY u1."Id", u0."UserId"
info: Microsoft.EntityFrameworkCore.Database.Command[20101]
      Executed DbCommand (0ms) [Parameters=[@classId='?' (DbType = Int32)], CommandType='Text', CommandTimeout='30']
      SELECT a."Date", a."Status"
      FROM "Attendances" AS a
      WHERE a."ClassId" = @classId
info: Microsoft.EntityFrameworkCore.Database.Command[20101]
      Executed DbCommand (1ms) [Parameters=[@classId='?' (DbType = Int32)], CommandType='Text', CommandTimeout='30']
      SELECT s0."Id", s0."Email", s0."Name", s0."PhoneNumber", s0."StartMonth"
      FROM "StudentClasses" AS s
      INNER JOIN "Students" AS s0 ON s."StudentId" = s0."Id"
      WHERE s."ClassId" = @classId
      ORDER BY s0."Name"
info: Microsoft.EntityFrameworkCore.Database.Command[20101]
      Executed DbCommand (1ms) [Parameters=[@userId='?' (DbType = Int32)], CommandType='Text', CommandTimeout='30']
      SELECT u1."Id", u1."Email", u1."FullName", u1."PasswordHash", u1."PhoneNumber", u1."Role", u1."Status", u1."Token", u0."UserId", u0."SubjectId"
      FROM (
          SELECT u."Id", u."Email", u."FullName", u."PasswordHash", u."PhoneNumber", u."Role", u."Status", u."Token"
          FROM "Users" AS u
          WHERE u."Id" = @userId AND u."Status" = 'Active'
          LIMIT 1
      ) AS u1
      LEFT JOIN "UserSubjects" AS u0 ON u1."Id" = u0."UserId"
      ORDER BY u1."Id", u0."UserId"
info: Microsoft.EntityFrameworkCore.Database.Command[20101]
      Executed DbCommand (0ms) [Parameters=[@user_Role='?'], CommandType='Text', CommandTimeout='30']
      SELECT s."Id", s."IsAllowed", s."Role", s."ScreenKey"
      FROM "ScreenPermissions" AS s
      WHERE s."Role" = @user_Role
info: Microsoft.EntityFrameworkCore.Database.Command[20101]
      Executed DbCommand (1ms) [Parameters=[@userId='?' (DbType = Int32)], CommandType='Text', CommandTimeout='30']
      SELECT u1."Id", u1."Email", u1."FullName", u1."PasswordHash", u1."PhoneNumber", u1."Role", u1."Status", u1."Token", u0."UserId", u0."SubjectId"
      FROM (
          SELECT u."Id", u."Email", u."FullName", u."PasswordHash", u."PhoneNumber", u."Role", u."Status", u."Token"
          FROM "Users" AS u
          WHERE u."Id" = @userId AND u."Status" = 'Active'
          LIMIT 1
      ) AS u1
      LEFT JOIN "UserSubjects" AS u0 ON u1."Id" = u0."UserId"
      ORDER BY u1."Id", u0."UserId"
info: Microsoft.EntityFrameworkCore.Database.Command[20101]
      Executed DbCommand (1ms) [Parameters=[], CommandType='Text', CommandTimeout='30']
      SELECT s."Id", s."IsActive", s."Name"
      FROM "Semesters" AS s
      ORDER BY s."Id"
info: Microsoft.EntityFrameworkCore.Database.Command[20101]
      Executed DbCommand (1ms) [Parameters=[@userId='?' (DbType = Int32)], CommandType='Text', CommandTimeout='30']
      SELECT u1."Id", u1."Email", u1."FullName", u1."PasswordHash", u1."PhoneNumber", u1."Role", u1."Status", u1."Token", u0."UserId", u0."SubjectId"
      FROM (
          SELECT u."Id", u."Email", u."FullName", u."PasswordHash", u."PhoneNumber", u."Role", u."Status", u."Token"
          FROM "Users" AS u
          WHERE u."Id" = @userId AND u."Status" = 'Active'
          LIMIT 1
      ) AS u1
      LEFT JOIN "UserSubjects" AS u0 ON u1."Id" = u0."UserId"
      ORDER BY u1."Id", u0."UserId"
info: Microsoft.EntityFrameworkCore.Database.Command[20101]
      Executed DbCommand (0ms) [Parameters=[], CommandType='Text', CommandTimeout='30']
      SELECT s."Id", s."IsActive", s."Name"
      FROM "Semesters" AS s
      ORDER BY s."Id"
info: Microsoft.EntityFrameworkCore.Database.Command[20101]
      Executed DbCommand (1ms) [Parameters=[@userId='?' (DbType = Int32)], CommandType='Text', CommandTimeout='30']
      SELECT u1."Id", u1."Email", u1."FullName", u1."PasswordHash", u1."PhoneNumber", u1."Role", u1."Status", u1."Token", u0."UserId", u0."SubjectId"
      FROM (
          SELECT u."Id", u."Email", u."FullName", u."PasswordHash", u."PhoneNumber", u."Role", u."Status", u."Token"
          FROM "Users" AS u
          WHERE u."Id" = @userId AND u."Status" = 'Active'
          LIMIT 1
      ) AS u1
      LEFT JOIN "UserSubjects" AS u0 ON u1."Id" = u0."UserId"
      ORDER BY u1."Id", u0."UserId"
info: Microsoft.EntityFrameworkCore.Database.Command[20101]
      Executed DbCommand (1ms) [Parameters=[@semesterId_Value='?' (DbType = Int32)], CommandType='Text', CommandTimeout='30']
      SELECT c."Id", c."EndDate", c."Name", c."SemesterId", c."StartDate", c."SubjectId", c."TeacherId", c."TuitionFee", c0."Id", c0."ClassId", c0."DayOfWeek", c0."TimeSlot"
      FROM "Classes" AS c
      LEFT JOIN "ClassSchedules" AS c0 ON c."Id" = c0."ClassId"
      WHERE c."SemesterId" = @semesterId_Value
      ORDER BY c."Name", c."Id"
info: Microsoft.EntityFrameworkCore.Database.Command[20101]
      Executed DbCommand (2ms) [Parameters=[@userId='?' (DbType = Int32)], CommandType='Text', CommandTimeout='30']
      SELECT u1."Id", u1."Email", u1."FullName", u1."PasswordHash", u1."PhoneNumber", u1."Role", u1."Status", u1."Token", u0."UserId", u0."SubjectId"
      FROM (
          SELECT u."Id", u."Email", u."FullName", u."PasswordHash", u."PhoneNumber", u."Role", u."Status", u."Token"
          FROM "Users" AS u
          WHERE u."Id" = @userId AND u."Status" = 'Active'
          LIMIT 1
      ) AS u1
      LEFT JOIN "UserSubjects" AS u0 ON u1."Id" = u0."UserId"
      ORDER BY u1."Id", u0."UserId"
info: Microsoft.EntityFrameworkCore.Database.Command[20101]
      Executed DbCommand (3ms) [Parameters=[@userId='?' (DbType = Int32)], CommandType='Text', CommandTimeout='30']
      SELECT u1."Id", u1."Email", u1."FullName", u1."PasswordHash", u1."PhoneNumber", u1."Role", u1."Status", u1."Token", u0."UserId", u0."SubjectId"
      FROM (
          SELECT u."Id", u."Email", u."FullName", u."PasswordHash", u."PhoneNumber", u."Role", u."Status", u."Token"
          FROM "Users" AS u
          WHERE u."Id" = @userId AND u."Status" = 'Active'
          LIMIT 1
      ) AS u1
      LEFT JOIN "UserSubjects" AS u0 ON u1."Id" = u0."UserId"
      ORDER BY u1."Id", u0."UserId"
info: Microsoft.EntityFrameworkCore.Database.Command[20101]
      Executed DbCommand (4ms) [Parameters=[@semesterId_Value='?' (DbType = Int32)], CommandType='Text', CommandTimeout='30']
      SELECT s."Id", s."Email", s."Name", s."PhoneNumber", s."StartMonth", s3."StudentId", s3."ClassId", s3."StartMonth", s3."Id", s3."EndDate", s3."Name", s3."SemesterId", s3."StartDate", s3."SubjectId", s3."TeacherId", s3."TuitionFee", s4."StudentId", s4."RewardOptionId", s4."Id", s4."Name"
      FROM "Students" AS s
      LEFT JOIN (
          SELECT s1."StudentId", s1."ClassId", s1."StartMonth", c0."Id", c0."EndDate", c0."Name", c0."SemesterId", c0."StartDate", c0."SubjectId", c0."TeacherId", c0."TuitionFee"
          FROM "StudentClasses" AS s1
          INNER JOIN "Classes" AS c0 ON s1."ClassId" = c0."Id"
      ) AS s3 ON s."Id" = s3."StudentId"
      LEFT JOIN (
          SELECT s2."StudentId", s2."RewardOptionId", r."Id", r."Name"
          FROM "StudentRewards" AS s2
          INNER JOIN "RewardOptions" AS r ON s2."RewardOptionId" = r."Id"
      ) AS s4 ON s."Id" = s4."StudentId"
      WHERE EXISTS (
          SELECT 1
          FROM "StudentClasses" AS s0
          INNER JOIN "Classes" AS c ON s0."ClassId" = c."Id"
          WHERE s."Id" = s0."StudentId" AND c."SemesterId" = @semesterId_Value)
      ORDER BY s."Name", s."Id", s3."StudentId", s3."ClassId", s3."Id", s4."StudentId", s4."RewardOptionId"
info: Microsoft.EntityFrameworkCore.Database.Command[20101]
      Executed DbCommand (1ms) [Parameters=[], CommandType='Text', CommandTimeout='30']
      SELECT r."Id", r."Name"
      FROM "RewardOptions" AS r
      ORDER BY r."Name"
info: Microsoft.EntityFrameworkCore.Database.Command[20101]
      Executed DbCommand (1ms) [Parameters=[@userId='?' (DbType = Int32)], CommandType='Text', CommandTimeout='30']
      SELECT u1."Id", u1."Email", u1."FullName", u1."PasswordHash", u1."PhoneNumber", u1."Role", u1."Status", u1."Token", u0."UserId", u0."SubjectId"
      FROM (
          SELECT u."Id", u."Email", u."FullName", u."PasswordHash", u."PhoneNumber", u."Role", u."Status", u."Token"
          FROM "Users" AS u
          WHERE u."Id" = @userId AND u."Status" = 'Active'
          LIMIT 1
      ) AS u1
      LEFT JOIN "UserSubjects" AS u0 ON u1."Id" = u0."UserId"
      ORDER BY u1."Id", u0."UserId"
info: Microsoft.EntityFrameworkCore.Database.Command[20101]
      Executed DbCommand (0ms) [Parameters=[@user_Role='?'], CommandType='Text', CommandTimeout='30']
      SELECT s."Id", s."IsAllowed", s."Role", s."ScreenKey"
      FROM "ScreenPermissions" AS s
      WHERE s."Role" = @user_Role
info: Microsoft.EntityFrameworkCore.Database.Command[20101]
      Executed DbCommand (6ms) [Parameters=[@userId='?' (DbType = Int32)], CommandType='Text', CommandTimeout='30']
      SELECT u1."Id", u1."Email", u1."FullName", u1."PasswordHash", u1."PhoneNumber", u1."Role", u1."Status", u1."Token", u0."UserId", u0."SubjectId"
      FROM (
          SELECT u."Id", u."Email", u."FullName", u."PasswordHash", u."PhoneNumber", u."Role", u."Status", u."Token"
          FROM "Users" AS u
          WHERE u."Id" = @userId AND u."Status" = 'Active'
          LIMIT 1
      ) AS u1
      LEFT JOIN "UserSubjects" AS u0 ON u1."Id" = u0."UserId"
      ORDER BY u1."Id", u0."UserId"
info: Microsoft.EntityFrameworkCore.Database.Command[20101]
      Executed DbCommand (0ms) [Parameters=[@user_Role='?'], CommandType='Text', CommandTimeout='30']
      SELECT s."Id", s."IsAllowed", s."Role", s."ScreenKey"
      FROM "ScreenPermissions" AS s
      WHERE s."Role" = @user_Role
info: Microsoft.EntityFrameworkCore.Database.Command[20101]
      Executed DbCommand (1ms) [Parameters=[@userId='?' (DbType = Int32)], CommandType='Text', CommandTimeout='30']
      SELECT u1."Id", u1."Email", u1."FullName", u1."PasswordHash", u1."PhoneNumber", u1."Role", u1."Status", u1."Token", u0."UserId", u0."SubjectId"
      FROM (
          SELECT u."Id", u."Email", u."FullName", u."PasswordHash", u."PhoneNumber", u."Role", u."Status", u."Token"
          FROM "Users" AS u
          WHERE u."Id" = @userId AND u."Status" = 'Active'
          LIMIT 1
      ) AS u1
      LEFT JOIN "UserSubjects" AS u0 ON u1."Id" = u0."UserId"
      ORDER BY u1."Id", u0."UserId"
info: Microsoft.EntityFrameworkCore.Database.Command[20101]
      Executed DbCommand (0ms) [Parameters=[], CommandType='Text', CommandTimeout='30']
      SELECT s."Id", s."IsActive", s."Name"
      FROM "Semesters" AS s
      ORDER BY s."Id"
info: Microsoft.EntityFrameworkCore.Database.Command[20101]
      Executed DbCommand (1ms) [Parameters=[@userId='?' (DbType = Int32)], CommandType='Text', CommandTimeout='30']
      SELECT u1."Id", u1."Email", u1."FullName", u1."PasswordHash", u1."PhoneNumber", u1."Role", u1."Status", u1."Token", u0."UserId", u0."SubjectId"
      FROM (
          SELECT u."Id", u."Email", u."FullName", u."PasswordHash", u."PhoneNumber", u."Role", u."Status", u."Token"
          FROM "Users" AS u
          WHERE u."Id" = @userId AND u."Status" = 'Active'
          LIMIT 1
      ) AS u1
      LEFT JOIN "UserSubjects" AS u0 ON u1."Id" = u0."UserId"
      ORDER BY u1."Id", u0."UserId"
info: Microsoft.EntityFrameworkCore.Database.Command[20101]
      Executed DbCommand (1ms) [Parameters=[], CommandType='Text', CommandTimeout='30']
      SELECT s."Id", s."IsActive", s."Name"
      FROM "Semesters" AS s
      ORDER BY s."Id"
info: Microsoft.EntityFrameworkCore.Database.Command[20101]
      Executed DbCommand (0ms) [Parameters=[@userId='?' (DbType = Int32)], CommandType='Text', CommandTimeout='30']
      SELECT u1."Id", u1."Email", u1."FullName", u1."PasswordHash", u1."PhoneNumber", u1."Role", u1."Status", u1."Token", u0."UserId", u0."SubjectId"
      FROM (
          SELECT u."Id", u."Email", u."FullName", u."PasswordHash", u."PhoneNumber", u."Role", u."Status", u."Token"
          FROM "Users" AS u
          WHERE u."Id" = @userId AND u."Status" = 'Active'
          LIMIT 1
      ) AS u1
      LEFT JOIN "UserSubjects" AS u0 ON u1."Id" = u0."UserId"
      ORDER BY u1."Id", u0."UserId"
info: Microsoft.EntityFrameworkCore.Database.Command[20101]
      Executed DbCommand (0ms) [Parameters=[], CommandType='Text', CommandTimeout='30']
      SELECT s."Id", s."IsActive", s."Name"
      FROM "Semesters" AS s
      ORDER BY s."Id"
info: Microsoft.EntityFrameworkCore.Database.Command[20101]
      Executed DbCommand (0ms) [Parameters=[@userId='?' (DbType = Int32)], CommandType='Text', CommandTimeout='30']
      SELECT u1."Id", u1."Email", u1."FullName", u1."PasswordHash", u1."PhoneNumber", u1."Role", u1."Status", u1."Token", u0."UserId", u0."SubjectId"
      FROM (
          SELECT u."Id", u."Email", u."FullName", u."PasswordHash", u."PhoneNumber", u."Role", u."Status", u."Token"
          FROM "Users" AS u
          WHERE u."Id" = @userId AND u."Status" = 'Active'
          LIMIT 1
      ) AS u1
      LEFT JOIN "UserSubjects" AS u0 ON u1."Id" = u0."UserId"
      ORDER BY u1."Id", u0."UserId"
info: Microsoft.EntityFrameworkCore.Database.Command[20101]
      Executed DbCommand (1ms) [Parameters=[@userId='?' (DbType = Int32)], CommandType='Text', CommandTimeout='30']
      SELECT u1."Id", u1."Email", u1."FullName", u1."PasswordHash", u1."PhoneNumber", u1."Role", u1."Status", u1."Token", u0."UserId", u0."SubjectId"
      FROM (
          SELECT u."Id", u."Email", u."FullName", u."PasswordHash", u."PhoneNumber", u."Role", u."Status", u."Token"
          FROM "Users" AS u
          WHERE u."Id" = @userId AND u."Status" = 'Active'
          LIMIT 1
      ) AS u1
      LEFT JOIN "UserSubjects" AS u0 ON u1."Id" = u0."UserId"
      ORDER BY u1."Id", u0."UserId"
info: Microsoft.EntityFrameworkCore.Database.Command[20101]
      Executed DbCommand (0ms) [Parameters=[@p='?' (DbType = Int32)], CommandType='Text', CommandTimeout='30']
      SELECT s."Id", s."IsActive", s."Name"
      FROM "Semesters" AS s
      WHERE s."Id" = @p
      LIMIT 1
info: Microsoft.EntityFrameworkCore.Database.Command[20101]
      Executed DbCommand (1ms) [Parameters=[@semesterId_Value='?' (DbType = Int32)], CommandType='Text', CommandTimeout='30']
      SELECT c."Id", c."EndDate", c."Name", c."SemesterId", c."StartDate", c."SubjectId", c."TeacherId", c."TuitionFee", c0."Id", c0."ClassId", c0."DayOfWeek", c0."TimeSlot"
      FROM "Classes" AS c
      LEFT JOIN "ClassSchedules" AS c0 ON c."Id" = c0."ClassId"
      WHERE c."SemesterId" = @semesterId_Value
      ORDER BY c."Name", c."Id"
info: Microsoft.EntityFrameworkCore.Database.Command[20101]
      Executed DbCommand (0ms) [Parameters=[@semesterId='?' (DbType = Int32)], CommandType='Text', CommandTimeout='30']
      SELECT c."StartDate", c."EndDate"
      FROM "Classes" AS c
      WHERE c."SemesterId" = @semesterId AND c."StartDate" IS NOT NULL AND c."EndDate" IS NOT NULL
info: Microsoft.EntityFrameworkCore.Database.Command[20101]
      Executed DbCommand (0ms) [Parameters=[@semesterId='?' (DbType = Int32)], CommandType='Text', CommandTimeout='30']
      SELECT t."Id", t."DisplayOrder", t."MonthName", t."SemesterId"
      FROM "TuitionPeriods" AS t
      WHERE t."SemesterId" = @semesterId
info: Microsoft.EntityFrameworkCore.Database.Command[20101]
      Executed DbCommand (0ms) [Parameters=[@id='?' (DbType = Int32)], CommandType='Text', CommandTimeout='30']
      SELECT t."Id", t."MonthName", t."DisplayOrder"
      FROM "TuitionPeriods" AS t
      WHERE t."SemesterId" = @id
      ORDER BY t."DisplayOrder"
info: Microsoft.EntityFrameworkCore.Database.Command[20101]
      Executed DbCommand (1ms) [Parameters=[@id='?' (DbType = Int32)], CommandType='Text', CommandTimeout='30']
      SELECT s."StudentId", s."ClassId", s."StartMonth", s0."Id", s0."Email", s0."Name", s0."PhoneNumber", s0."StartMonth", c."Id", s1."Id", s1."AmountPaid", s1."ClassId", s1."Notes", s1."StudentId", s1."TuitionPeriodId", s1."Id0", s1."DisplayOrder", s1."MonthName", s1."SemesterId", c."EndDate", c."Name", c."SemesterId", c."StartDate", c."SubjectId", c."TeacherId", c."TuitionFee"
      FROM "StudentClasses" AS s
      INNER JOIN "Classes" AS c ON s."ClassId" = c."Id"
      INNER JOIN "Students" AS s0 ON s."StudentId" = s0."Id"
      LEFT JOIN (
          SELECT t."Id", t."AmountPaid", t."ClassId", t."Notes", t."StudentId", t."TuitionPeriodId", t0."Id" AS "Id0", t0."DisplayOrder", t0."MonthName", t0."SemesterId"
          FROM "TuitionPayments" AS t
          INNER JOIN "TuitionPeriods" AS t0 ON t."TuitionPeriodId" = t0."Id"
      ) AS s1 ON s0."Id" = s1."StudentId"
      WHERE c."SemesterId" = @id
      ORDER BY c."Name", s0."Name", s."StudentId", s."ClassId", c."Id", s0."Id", s1."Id"
info: Microsoft.EntityFrameworkCore.Database.Command[20101]
      Executed DbCommand (1ms) [Parameters=[@userId='?' (DbType = Int32)], CommandType='Text', CommandTimeout='30']
      SELECT u1."Id", u1."Email", u1."FullName", u1."PasswordHash", u1."PhoneNumber", u1."Role", u1."Status", u1."Token", u0."UserId", u0."SubjectId"
      FROM (
          SELECT u."Id", u."Email", u."FullName", u."PasswordHash", u."PhoneNumber", u."Role", u."Status", u."Token"
          FROM "Users" AS u
          WHERE u."Id" = @userId AND u."Status" = 'Active'
          LIMIT 1
      ) AS u1
      LEFT JOIN "UserSubjects" AS u0 ON u1."Id" = u0."UserId"
      ORDER BY u1."Id", u0."UserId"
info: Microsoft.EntityFrameworkCore.Database.Command[20101]
      Executed DbCommand (0ms) [Parameters=[@userId='?' (DbType = Int32)], CommandType='Text', CommandTimeout='30']
      SELECT u1."Id", u1."Email", u1."FullName", u1."PasswordHash", u1."PhoneNumber", u1."Role", u1."Status", u1."Token", u0."UserId", u0."SubjectId"
      FROM (
          SELECT u."Id", u."Email", u."FullName", u."PasswordHash", u."PhoneNumber", u."Role", u."Status", u."Token"
          FROM "Users" AS u
          WHERE u."Id" = @userId AND u."Status" = 'Active'
          LIMIT 1
      ) AS u1
      LEFT JOIN "UserSubjects" AS u0 ON u1."Id" = u0."UserId"
      ORDER BY u1."Id", u0."UserId"
info: Microsoft.EntityFrameworkCore.Database.Command[20101]
      Executed DbCommand (0ms) [Parameters=[], CommandType='Text', CommandTimeout='30']
      SELECT s."Id", s."IsActive", s."Name"
      FROM "Semesters" AS s
      ORDER BY s."Id"
info: Microsoft.EntityFrameworkCore.Database.Command[20101]
      Executed DbCommand (1ms) [Parameters=[@semesterId_Value='?' (DbType = Int32)], CommandType='Text', CommandTimeout='30']
      SELECT c."Id", c."EndDate", c."Name", c."SemesterId", c."StartDate", c."SubjectId", c."TeacherId", c."TuitionFee", c0."Id", c0."ClassId", c0."DayOfWeek", c0."TimeSlot"
      FROM "Classes" AS c
      LEFT JOIN "ClassSchedules" AS c0 ON c."Id" = c0."ClassId"
      WHERE c."SemesterId" = @semesterId_Value
      ORDER BY c."Name", c."Id"
info: Microsoft.EntityFrameworkCore.Database.Command[20101]
      Executed DbCommand (0ms) [Parameters=[@userId='?' (DbType = Int32)], CommandType='Text', CommandTimeout='30']
      SELECT u1."Id", u1."Email", u1."FullName", u1."PasswordHash", u1."PhoneNumber", u1."Role", u1."Status", u1."Token", u0."UserId", u0."SubjectId"
      FROM (
          SELECT u."Id", u."Email", u."FullName", u."PasswordHash", u."PhoneNumber", u."Role", u."Status", u."Token"
          FROM "Users" AS u
          WHERE u."Id" = @userId AND u."Status" = 'Active'
          LIMIT 1
      ) AS u1
      LEFT JOIN "UserSubjects" AS u0 ON u1."Id" = u0."UserId"
      ORDER BY u1."Id", u0."UserId"
info: Microsoft.EntityFrameworkCore.Database.Command[20101]
      Executed DbCommand (0ms) [Parameters=[@classId='?' (DbType = Int32)], CommandType='Text', CommandTimeout='30']
      SELECT a."Date", a."Status"
      FROM "Attendances" AS a
      WHERE a."ClassId" = @classId
info: Microsoft.EntityFrameworkCore.Database.Command[20101]
      Executed DbCommand (0ms) [Parameters=[@userId='?' (DbType = Int32)], CommandType='Text', CommandTimeout='30']
      SELECT u1."Id", u1."Email", u1."FullName", u1."PasswordHash", u1."PhoneNumber", u1."Role", u1."Status", u1."Token", u0."UserId", u0."SubjectId"
      FROM (
          SELECT u."Id", u."Email", u."FullName", u."PasswordHash", u."PhoneNumber", u."Role", u."Status", u."Token"
          FROM "Users" AS u
          WHERE u."Id" = @userId AND u."Status" = 'Active'
          LIMIT 1
      ) AS u1
      LEFT JOIN "UserSubjects" AS u0 ON u1."Id" = u0."UserId"
      ORDER BY u1."Id", u0."UserId"
info: Microsoft.EntityFrameworkCore.Database.Command[20101]
      Executed DbCommand (1ms) [Parameters=[@classId='?' (DbType = Int32), @parsedDate='?' (DbType = DateTime), @nextDate='?' (DbType = DateTime)], CommandType='Text', CommandTimeout='30']
      SELECT a."Id", a."ClassId", a."Date", a."Note", a."Status", a."StudentId", s."Id", s."Email", s."Name", s."PhoneNumber", s."StartMonth"
      FROM "Attendances" AS a
      INNER JOIN "Students" AS s ON a."StudentId" = s."Id"
      WHERE a."ClassId" = @classId AND a."Date" >= @parsedDate AND a."Date" < @nextDate
info: Microsoft.EntityFrameworkCore.Database.Command[20101]
      Executed DbCommand (0ms) [Parameters=[@classId='?' (DbType = Int32)], CommandType='Text', CommandTimeout='30']
      SELECT s0."Id", s0."Email", s0."Name", s0."PhoneNumber", s0."StartMonth"
      FROM "StudentClasses" AS s
      INNER JOIN "Students" AS s0 ON s."StudentId" = s0."Id"
      WHERE s."ClassId" = @classId
      ORDER BY s0."Name"
